image_path,predicted_label,confidence
data/part1/dataset_hist_structures/Dataset_test/Dataset_test_original_1478/bell_tower/36152446595_f426ff937a_m.jpg,dome(outer),0.2672072649002075
data/part1/dataset_hist_structures/Dataset_test/Dataset_test_original_1478/bell_tower/35146339773_94c7578cda_m.jpg,column,0.30882498621940613
data/part1/dataset_hist_structures/Dataset_test/Dataset_test_original_1478/bell_tower/d5291ac4-26f5-4f70-927e-ab3a461f34ea.jpg,dome(outer),0.38164380192756653
data/part1/dataset_hist_structures/Dataset_test/Dataset_test_original_1478/bell_tower/images (52).jpg,dome(outer),0.43872198462486267
data/part1/dataset_hist_structures/Dataset_test/Dataset_test_original_1478/bell_tower/images (1).jpg,vault,0.3100981116294861
data/part1/dataset_hist_structures/Dataset_test/Dataset_test_original_1478/bell_tower/images (13).jpg,vault,0.2863541841506958
data/part1/dataset_hist_structures/Dataset_test/Dataset_test_original_1478/bell_tower/36129196520_11ae1f1d1b_m.jpg,vault,0.30395781993865967
data/part1/dataset_hist_structures/Dataset_test/Dataset_test_original_1478/bell_tower/descarga (7).jpg,vault,0.41144055128097534
data/part1/dataset_hist_structures/Dataset_test/Dataset_test_original_1478/bell_tower/2a7aa2f0-36e8-49d6-9015-bcc93018a448.jpg,dome(outer),0.2725459933280945
data/part1/dataset_hist_structures/Dataset_test/Dataset_test_original_1478/bell_tower/464e57bd-d807-40d8-b6a5-5cf2d5b68d2c.jpg,vault,0.28991270065307617
data/part1/dataset_hist_structures/Dataset_test/Dataset_test_original_1478/bell_tower/images (29).jpg,vault,0.4026789665222168
data/part1/dataset_hist_structures/Dataset_test/Dataset_test_original_1478/bell_tower/35798632550_78c185295b_m.jpg,dome(outer),0.38836660981178284
data/part1/dataset_hist_structures/Dataset_test/Dataset_test_original_1478/bell_tower/79558493-7d5e-4537-a5fa-c1d92d045d22.jpg,dome(outer),0.4696289002895355
data/part1/dataset_hist_structures/Dataset_test/Dataset_test_original_1478/bell_tower/da153f18-cff1-4b4a-9100-4a245d24b33b.jpg,vault,0.3230975270271301
data/part1/dataset_hist_structures/Dataset_test/Dataset_test_original_1478/bell_tower/df1d1923-e302-4f06-822a-9e5a65edcd90.jpg,dome(outer),0.2731340229511261
data/part1/dataset_hist_structures/Dataset_test/Dataset_test_original_1478/bell_tower/d0b45dfb-7b38-43f9-9449-bb2a3384b85d.jpg,dome(outer),0.6592291593551636
data/part1/dataset_hist_structures/Dataset_test/Dataset_test_original_1478/bell_tower/36493078636_8790f699d2_m.jpg,vault,0.36733129620552063
data/part1/dataset_hist_structures/Dataset_test/Dataset_test_original_1478/bell_tower/b76394e5-f643-4971-948f-fc7ad24253a2.jpg,dome(outer),0.2639000117778778
data/part1/dataset_hist_structures/Dataset_test/Dataset_test_original_1478/bell_tower/513ff0ee-e32a-449f-9b10-867706497036.jpg,dome(outer),0.41752395033836365
data/part1/dataset_hist_structures/Dataset_test/Dataset_test_original_1478/bell_tower/images (25).jpg,vault,0.23063628375530243
data/part1/dataset_hist_structures/Dataset_test/Dataset_test_original_1478/bell_tower/db0475db-5a15-4c11-b036-ef6763b40cc0.jpg,gargoyle,0.18592014908790588
data/part1/dataset_hist_structures/Dataset_test/Dataset_test_original_1478/bell_tower/585d5ff5-becd-4d9c-baa8-45bce2263818.jpg,vault,0.43433666229248047
data/part1/dataset_hist_structures/Dataset_test/Dataset_test_original_1478/bell_tower/images (32).jpg,dome(outer),0.26573342084884644
data/part1/dataset_hist_structures/Dataset_test/Dataset_test_original_1478/bell_tower/e2992ae8-00d9-4761-94a0-c7b5baa8c1b4.jpg,vault,0.34633252024650574
data/part1/dataset_hist_structures/Dataset_test/Dataset_test_original_1478/bell_tower/36384716271_058c0ae458_m.jpg,vault,0.32717472314834595
data/part1/dataset_hist_structures/Dataset_test/Dataset_test_original_1478/bell_tower/35595078416_eb0552e1d6_m.jpg,dome(outer),0.337045818567276
data/part1/dataset_hist_structures/Dataset_test/Dataset_test_original_1478/bell_tower/eedc902d-e856-4502-a369-fafaeaf94670.jpg,vault,0.4652242958545685
data/part1/dataset_hist_structures/Dataset_test/Dataset_test_original_1478/bell_tower/eb11d517-f47a-47c8-a4eb-d003ba960856.jpg,gargoyle,0.27546870708465576
data/part1/dataset_hist_structures/Dataset_test/Dataset_test_original_1478/bell_tower/images (49).jpg,vault,0.32224002480506897
data/part1/dataset_hist_structures/Dataset_test/Dataset_test_original_1478/bell_tower/a5a2abd3-2fc4-446c-9f1b-e1707b61c5d5.jpg,vault,0.4265652298927307
data/part1/dataset_hist_structures/Dataset_test/Dataset_test_original_1478/bell_tower/6d15bc62-b7dc-45d9-9026-3112ed4efbfa.jpg,vault,0.4465325176715851
data/part1/dataset_hist_structures/Dataset_test/Dataset_test_original_1478/bell_tower/descarga (11).jpg,vault,0.29870203137397766
data/part1/dataset_hist_structures/Dataset_test/Dataset_test_original_1478/bell_tower/84369db2-76be-488c-8f5b-21816a133914.jpg,vault,0.40741950273513794
data/part1/dataset_hist_structures/Dataset_test/Dataset_test_original_1478/bell_tower/descarga (6).jpg,vault,0.362087607383728
data/part1/dataset_hist_structures/Dataset_test/Dataset_test_original_1478/bell_tower/490f82c8-47d3-4af0-aced-20f9cf327165.jpg,gargoyle,0.4092240333557129
data/part1/dataset_hist_structures/Dataset_test/Dataset_test_original_1478/bell_tower/images (12).jpg,column,0.24060514569282532
data/part1/dataset_hist_structures/Dataset_test/Dataset_test_original_1478/bell_tower/601c4046-8f44-43e4-b5c1-d37a17634f6f.jpg,vault,0.303250789642334
data/part1/dataset_hist_structures/Dataset_test/Dataset_test_original_1478/bell_tower/images (45).jpg,vault,0.3954996168613434
data/part1/dataset_hist_structures/Dataset_test/Dataset_test_original_1478/bell_tower/images (53).jpg,gargoyle,0.30997082591056824
data/part1/dataset_hist_structures/Dataset_test/Dataset_test_original_1478/bell_tower/6aec2cc9-c974-485e-bece-8d22473c6846.jpg,dome(outer),0.6754087805747986
data/part1/dataset_hist_structures/Dataset_test/Dataset_test_original_1478/bell_tower/cac8924d-f607-415f-a74b-2332c8c10b12.jpg,dome(inner),0.30704545974731445
data/part1/dataset_hist_structures/Dataset_test/Dataset_test_original_1478/bell_tower/36000656873_48526fa7c9_m.jpg,dome(outer),0.5304792523384094
data/part1/dataset_hist_structures/Dataset_test/Dataset_test_original_1478/bell_tower/images (58).jpg,vault,0.3251798152923584
data/part1/dataset_hist_structures/Dataset_test/Dataset_test_original_1478/bell_tower/images (62).jpg,vault,0.49397462606430054
data/part1/dataset_hist_structures/Dataset_test/Dataset_test_original_1478/bell_tower/9228f2a8-9691-47e1-8e28-60c2d3c58e3f.jpg,dome(outer),0.2691645622253418
data/part1/dataset_hist_structures/Dataset_test/Dataset_test_original_1478/bell_tower/662bef92-2124-493f-9e24-301aa7c1138e.jpg,dome(outer),0.35580822825431824
data/part1/dataset_hist_structures/Dataset_test/Dataset_test_original_1478/bell_tower/0abdae60-6131-4b7e-9817-7419ce714649.jpg,dome(outer),0.24491983652114868
data/part1/dataset_hist_structures/Dataset_test/Dataset_test_original_1478/bell_tower/images (54).jpg,vault,0.43878981471061707
data/part1/dataset_hist_structures/Dataset_test/Dataset_test_original_1478/bell_tower/images (7).jpg,dome(outer),0.36343345046043396
data/part1/dataset_hist_structures/Dataset_test/Dataset_test_original_1478/bell_tower/19223cb3-284d-4ce6-a2b1-383515952520.jpg,vault,0.4200441539287567
data/part1/dataset_hist_structures/Dataset_test/Dataset_test_original_1478/bell_tower/f6c5e781-7b0f-4e3f-b2ee-1901d00f9ba8.jpg,dome(outer),0.6416735649108887
data/part1/dataset_hist_structures/Dataset_test/Dataset_test_original_1478/bell_tower/descarga (1).jpg,vault,0.4960627257823944
data/part1/dataset_hist_structures/Dataset_test/Dataset_test_original_1478/bell_tower/35297639211_ed5aee76cc_m.jpg,vault,0.30657321214675903
data/part1/dataset_hist_structures/Dataset_test/Dataset_test_original_1478/bell_tower/descarga (16).jpg,vault,0.1860114187002182
data/part1/dataset_hist_structures/Dataset_test/Dataset_test_original_1478/bell_tower/79ffb93b-9770-4aa2-a40e-906f8a504120.jpg,dome(outer),0.36782127618789673
data/part1/dataset_hist_structures/Dataset_test/Dataset_test_original_1478/bell_tower/34fc60ba-346f-4f22-bd10-48c973330a7a.jpg,dome(outer),0.39412572979927063
data/part1/dataset_hist_structures/Dataset_test/Dataset_test_original_1478/bell_tower/796a97d5-ddbb-40ab-88d3-a2d38b97217b.jpg,dome(outer),0.4384157359600067
data/part1/dataset_hist_structures/Dataset_test/Dataset_test_original_1478/bell_tower/0864b672-a0e7-45ad-b431-c57711169cc6.jpg,vault,0.20521652698516846
data/part1/dataset_hist_structures/Dataset_test/Dataset_test_original_1478/bell_tower/images (38).jpg,vault,0.3598131239414215
data/part1/dataset_hist_structures/Dataset_test/Dataset_test_original_1478/bell_tower/4846a57a-9482-4a9a-9b33-8c26fa8855a8.jpg,dome(outer),0.291778028011322
data/part1/dataset_hist_structures/Dataset_test/Dataset_test_original_1478/bell_tower/aaa3c115-cdc4-4eaa-be51-d2bd646b890d.jpg,vault,0.30672013759613037
data/part1/dataset_hist_structures/Dataset_test/Dataset_test_original_1478/bell_tower/3274773d-30a8-40b1-8104-aa3da065becf.jpg,dome(outer),0.29150375723838806
data/part1/dataset_hist_structures/Dataset_test/Dataset_test_original_1478/bell_tower/35053333973_39c2c34228_m.jpg,dome(outer),0.6728135943412781
data/part1/dataset_hist_structures/Dataset_test/Dataset_test_original_1478/bell_tower/35750557773_9425ac01db_m.jpg,vault,0.20157170295715332
data/part1/dataset_hist_structures/Dataset_test/Dataset_test_original_1478/bell_tower/99014754-9e32-4b28-bca7-84b1c7899278.jpg,dome(outer),0.5429576635360718
data/part1/dataset_hist_structures/Dataset_test/Dataset_test_original_1478/bell_tower/images (43).jpg,vault,0.3317191004753113
data/part1/dataset_hist_structures/Dataset_test/Dataset_test_original_1478/bell_tower/images (55).jpg,dome(outer),0.25690504908561707
data/part1/dataset_hist_structures/Dataset_test/Dataset_test_original_1478/bell_tower/images (6).jpg,dome(outer),0.27299100160598755
data/part1/dataset_hist_structures/Dataset_test/Dataset_test_original_1478/bell_tower/8b3a8730-1dbb-4511-b33e-49ba458003c6.jpg,dome(outer),0.38093695044517517
data/part1/dataset_hist_structures/Dataset_test/Dataset_test_original_1478/bell_tower/35929602334_5ce20f5d05_m.jpg,dome(outer),0.35434409976005554
data/part1/dataset_hist_structures/Dataset_test/Dataset_test_original_1478/bell_tower/21bf217e-df26-4e18-9856-53dc8c9e4e34.jpg,dome(outer),0.5498238205909729
data/part1/dataset_hist_structures/Dataset_test/Dataset_test_original_1478/bell_tower/f1126ecc-ec22-47d4-92dc-988b6e3e8d82.jpg,dome(inner),0.203346386551857
data/part1/dataset_hist_structures/Dataset_test/Dataset_test_original_1478/bell_tower/43fc8a90-ec27-4bf0-9692-6344ac43439d.jpg,dome(outer),0.5113418698310852
data/part1/dataset_hist_structures/Dataset_test/Dataset_test_original_1478/bell_tower/36734537582_18008d31f8_m.jpg,vault,0.4020550549030304
data/part1/dataset_hist_structures/Dataset_test/Dataset_test_original_1478/bell_tower/images (22).jpg,vault,0.23573681712150574
data/part1/dataset_hist_structures/Dataset_test/Dataset_test_original_1478/bell_tower/7bb76f21-8882-4492-afc6-ddf5848c12b5.jpg,vault,0.2739237844944
data/part1/dataset_hist_structures/Dataset_test/Dataset_test_original_1478/bell_tower/images (34).jpg,vault,0.30190566182136536
data/part1/dataset_hist_structures/Dataset_test/Dataset_test_original_1478/bell_tower/673b58a1-5330-41b3-92ae-5c40e6c0af6c.jpg,vault,0.3573453426361084
data/part1/dataset_hist_structures/Dataset_test/Dataset_test_original_1478/bell_tower/36764138785_6bd6e82e3d_m.jpg,vault,0.24453559517860413
data/part1/dataset_hist_structures/Dataset_test/Dataset_test_original_1478/bell_tower/e095c5cb-377a-4684-92ae-cd3e5cf37c82.jpg,dome(outer),0.7047721147537231
data/part1/dataset_hist_structures/Dataset_test/Dataset_test_original_1478/bell_tower/35916273252_e21bb0a2ff_m.jpg,vault,0.322123259305954
data/part1/dataset_hist_structures/Dataset_test/Dataset_test_original_1478/bell_tower/2caa9abd-0a37-45b4-a744-2ed9158af176.jpg,vault,0.4606158137321472
data/part1/dataset_hist_structures/Dataset_test/Dataset_test_original_1478/bell_tower/descarga (18).jpg,vault,0.33265987038612366
data/part1/dataset_hist_structures/Dataset_test/Dataset_test_original_1478/bell_tower/images (60).jpg,dome(outer),0.39005887508392334
data/part1/dataset_hist_structures/Dataset_test/Dataset_test_original_1478/bell_tower/b4b41cdc-0adb-4589-b9f3-79f299abf124.jpg,dome(outer),0.30989277362823486
data/part1/dataset_hist_structures/Dataset_test/Dataset_test_original_1478/bell_tower/0dabe69a-fe74-4e6a-8653-eb0ea9a9b88d.jpg,gargoyle,0.2175770401954651
data/part1/dataset_hist_structures/Dataset_test/Dataset_test_original_1478/bell_tower/8ba03edb-cd8d-4949-b390-87338208c3bf.jpg,stained_glass,0.24775372445583344
data/part1/dataset_hist_structures/Dataset_test/Dataset_test_original_1478/bell_tower/36641304586_d4b10e23e0_n.jpg,vault,0.3598458170890808
data/part1/dataset_hist_structures/Dataset_test/Dataset_test_original_1478/bell_tower/35266657022_5c33573d5d_n.jpg,dome(outer),0.6464067697525024
data/part1/dataset_hist_structures/Dataset_test/Dataset_test_original_1478/bell_tower/36687412765_de93e8c0f4_m.jpg,vault,0.3959232568740845
data/part1/dataset_hist_structures/Dataset_test/Dataset_test_original_1478/bell_tower/35052538563_0f866ebfe3_m.jpg,dome(outer),0.3518999516963959
data/part1/dataset_hist_structures/Dataset_test/Dataset_test_original_1478/bell_tower/descarga.jpg,vault,0.4101627767086029
data/part1/dataset_hist_structures/Dataset_test/Dataset_test_original_1478/bell_tower/images (9).jpg,dome(inner),0.21883679926395416
data/part1/dataset_hist_structures/Dataset_test/Dataset_test_original_1478/bell_tower/39b09f75-4c55-475b-86c7-bbacd9624584.jpg,dome(outer),0.3690392076969147
data/part1/dataset_hist_structures/Dataset_test/Dataset_test_original_1478/bell_tower/36357562812_b035fedee2_m.jpg,vault,0.30489620566368103
data/part1/dataset_hist_structures/Dataset_test/Dataset_test_original_1478/bell_tower/f7ed5a5e-4b6b-40ea-a296-f5888a10c658.jpg,vault,0.4838145971298218
data/part1/dataset_hist_structures/Dataset_test/Dataset_test_original_1478/bell_tower/35911101923_135d23d681_m.jpg,vault,0.43251511454582214
data/part1/dataset_hist_structures/Dataset_test/Dataset_test_original_1478/bell_tower/35646197883_f4c0c19095_m.jpg,vault,0.31483474373817444
data/part1/dataset_hist_structures/Dataset_test/Dataset_test_original_1478/bell_tower/35620536304_02a3a0e007_m.jpg,vault,0.44238197803497314
data/part1/dataset_hist_structures/Dataset_test/Dataset_test_original_1478/bell_tower/descarga (14).jpg,dome(outer),0.3604503571987152
data/part1/dataset_hist_structures/Dataset_test/Dataset_test_original_1478/bell_tower/c8cf107c-867f-478d-9381-bfa3828bbf73.jpg,stained_glass,0.2728126645088196
data/part1/dataset_hist_structures/Dataset_test/Dataset_test_original_1478/bell_tower/descarga (3).jpg,vault,0.2550193667411804
data/part1/dataset_hist_structures/Dataset_test/Dataset_test_original_1478/bell_tower/images (17).jpg,vault,0.3992675542831421
data/part1/dataset_hist_structures/Dataset_test/Dataset_test_original_1478/bell_tower/images (40).jpg,dome(outer),0.2625522315502167
data/part1/dataset_hist_structures/Dataset_test/Dataset_test_original_1478/bell_tower/images (5).jpg,vault,0.41988706588745117
data/part1/dataset_hist_structures/Dataset_test/Dataset_test_original_1478/bell_tower/images (4).jpg,column,0.2070769965648651
data/part1/dataset_hist_structures/Dataset_test/Dataset_test_original_1478/bell_tower/images (57).jpg,dome(outer),0.5187748670578003
data/part1/dataset_hist_structures/Dataset_test/Dataset_test_original_1478/bell_tower/91046ee6-bfda-4012-98f5-d2b1ebaadceb.jpg,dome(outer),0.22578869760036469
data/part1/dataset_hist_structures/Dataset_test/Dataset_test_original_1478/bell_tower/34793244544_1d63a3c9ac_m.jpg,dome(outer),0.5306330919265747
data/part1/dataset_hist_structures/Dataset_test/Dataset_test_original_1478/bell_tower/34825360213_9aa2781f43_n.jpg,dome(outer),0.3861665427684784
data/part1/dataset_hist_structures/Dataset_test/Dataset_test_original_1478/bell_tower/36390775621_5dffca6e89_m.jpg,dome(outer),0.3730277717113495
data/part1/dataset_hist_structures/Dataset_test/Dataset_test_original_1478/bell_tower/images (41).jpg,vault,0.3040773868560791
data/part1/dataset_hist_structures/Dataset_test/Dataset_test_original_1478/bell_tower/fe395c3d-89e7-485b-b47c-be6dc45a3225.jpg,dome(outer),0.34720227122306824
data/part1/dataset_hist_structures/Dataset_test/Dataset_test_original_1478/bell_tower/36730582952_91c2ef0037_m.jpg,column,0.3073597848415375
data/part1/dataset_hist_structures/Dataset_test/Dataset_test_original_1478/bell_tower/36104326565_464ef399f9_m.jpg,dome(outer),0.27845290303230286
data/part1/dataset_hist_structures/Dataset_test/Dataset_test_original_1478/bell_tower/images (16).jpg,vault,0.2732243537902832
data/part1/dataset_hist_structures/Dataset_test/Dataset_test_original_1478/bell_tower/descarga (2).jpg,dome(outer),0.4715346097946167
data/part1/dataset_hist_structures/Dataset_test/Dataset_test_original_1478/bell_tower/36140385960_7bd09d3ef7_m.jpg,dome(outer),0.40105095505714417
data/part1/dataset_hist_structures/Dataset_test/Dataset_test_original_1478/bell_tower/9e8487fc-e418-4774-b819-700fc4cfa74d.jpg,dome(outer),0.419759064912796
data/part1/dataset_hist_structures/Dataset_test/Dataset_test_original_1478/bell_tower/d8654f0b-2fcd-4bd7-adf6-29c19fc28a1b.jpg,dome(outer),0.5642502307891846
data/part1/dataset_hist_structures/Dataset_test/Dataset_test_original_1478/bell_tower/e12c2eaf-658f-4d92-87b5-ef1d24090f74.jpg,dome(outer),0.5768019556999207
data/part1/dataset_hist_structures/Dataset_test/Dataset_test_original_1478/bell_tower/images (8).jpg,vault,0.17900997400283813
data/part1/dataset_hist_structures/Dataset_test/Dataset_test_original_1478/bell_tower/7b986efd-3bee-4b85-ae39-fa1c65ff90aa.jpg,gargoyle,0.3848414719104767
data/part1/dataset_hist_structures/Dataset_test/Dataset_test_original_1478/bell_tower/35691686295_3f5bc3d3b4_m.jpg,dome(outer),0.2384764403104782
data/part1/dataset_hist_structures/Dataset_test/Dataset_test_original_1478/bell_tower/c752dd0b-eadf-4cfb-822c-512e81abf9c5.jpg,dome(outer),0.21639509499073029
data/part1/dataset_hist_structures/Dataset_test/Dataset_test_original_1478/bell_tower/80925634-232c-41bb-a8e0-4fa194e930a9.jpg,gargoyle,0.20118233561515808
data/part1/dataset_hist_structures/Dataset_test/Dataset_test_original_1478/bell_tower/images (61).jpg,dome(outer),0.294327050447464
data/part1/dataset_hist_structures/Dataset_test/Dataset_test_original_1478/bell_tower/descarga (19).jpg,dome(outer),0.2671043574810028
data/part1/dataset_hist_structures/Dataset_test/Dataset_test_original_1478/bell_tower/35507048356_7d854d68cb_n.jpg,vault,0.3435756266117096
data/part1/dataset_hist_structures/Dataset_test/Dataset_test_original_1478/bell_tower/dc2bad79-d0b4-4911-b5a4-832b07dc7841.jpg,vault,0.2746734023094177
data/part1/dataset_hist_structures/Dataset_test/Dataset_test_original_1478/bell_tower/images (20).jpg,dome(outer),0.262411892414093
data/part1/dataset_hist_structures/Dataset_test/Dataset_test_original_1478/bell_tower/35307683920_1c418687a4_m.jpg,vault,0.40668678283691406
data/part1/dataset_hist_structures/Dataset_test/Dataset_test_original_1478/bell_tower/descarga (12).jpg,vault,0.48399269580841064
data/part1/dataset_hist_structures/Dataset_test/Dataset_test_original_1478/bell_tower/dbb8331f-f22e-42e9-b85a-ca4c1643750d.jpg,vault,0.2949763834476471
data/part1/dataset_hist_structures/Dataset_test/Dataset_test_original_1478/bell_tower/descarga (5).jpg,dome(outer),0.31422853469848633
data/part1/dataset_hist_structures/Dataset_test/Dataset_test_original_1478/bell_tower/images (11).jpg,vault,0.2517507076263428
data/part1/dataset_hist_structures/Dataset_test/Dataset_test_original_1478/bell_tower/35888564395_b9cbb58e21_n.jpg,dome(outer),0.19290517270565033
data/part1/dataset_hist_structures/Dataset_test/Dataset_test_original_1478/bell_tower/images (46).jpg,vault,0.2722196877002716
data/part1/dataset_hist_structures/Dataset_test/Dataset_test_original_1478/bell_tower/images (3).jpg,dome(outer),0.20614853501319885
data/part1/dataset_hist_structures/Dataset_test/Dataset_test_original_1478/bell_tower/images (50).jpg,dome(outer),0.3913567364215851
data/part1/dataset_hist_structures/Dataset_test/Dataset_test_original_1478/bell_tower/36097858996_8f73ca8f38_m.jpg,dome(outer),0.37649261951446533
data/part1/dataset_hist_structures/Dataset_test/Dataset_test_original_1478/bell_tower/06bcc7f2-ab40-479e-9459-e3242083615f.jpg,vault,0.3470650613307953
data/part1/dataset_hist_structures/Dataset_test/Dataset_test_original_1478/bell_tower/ceb1d0bf-fbc7-4459-ab96-3fc0bd1957e2.jpg,dome(outer),0.4863201379776001
data/part1/dataset_hist_structures/Dataset_test/Dataset_test_original_1478/bell_tower/descarga (9).jpg,dome(outer),0.4707011580467224
data/part1/dataset_hist_structures/Dataset_test/Dataset_test_original_1478/bell_tower/36761618451_afd47d11a1_m.jpg,dome(outer),0.6731206774711609
data/part1/dataset_hist_structures/Dataset_test/Dataset_test_original_1478/bell_tower/36058693080_4789390c9b_m.jpg,dome(outer),0.23572759330272675
data/part1/dataset_hist_structures/Dataset_test/Dataset_test_original_1478/bell_tower/36066414810_56cf2de18a_n.jpg,vault,0.6006795167922974
data/part1/dataset_hist_structures/Dataset_test/Dataset_test_original_1478/bell_tower/35075553213_7cda5c6151_n.jpg,dome(outer),0.3622558116912842
data/part1/dataset_hist_structures/Dataset_test/Dataset_test_original_1478/bell_tower/b6b18062-a436-47d5-aff4-896ef3dcdae4.jpg,dome(outer),0.3929498493671417
data/part1/dataset_hist_structures/Dataset_test/Dataset_test_original_1478/bell_tower/34566394214_2e6eda32d1_m.jpg,vault,0.3718734085559845
data/part1/dataset_hist_structures/Dataset_test/Dataset_test_original_1478/bell_tower/a889a327-385b-442a-864e-8a1b2d2ee6c6.jpg,dome(outer),0.3239246606826782
data/part1/dataset_hist_structures/Dataset_test/Dataset_test_original_1478/bell_tower/44e90f45-b5d2-4b45-9162-03e3a009bd36.jpg,vault,0.32084307074546814
data/part1/dataset_hist_structures/Dataset_test/Dataset_test_original_1478/bell_tower/36641295876_299d3014e9_n.jpg,vault,0.3328249454498291
data/part1/dataset_hist_structures/Dataset_test/Dataset_test_original_1478/bell_tower/dd6c0c19-71a4-4bdf-986f-bfaa8a798deb.jpg,dome(outer),0.5448213219642639
data/part1/dataset_hist_structures/Dataset_test/Dataset_test_original_1478/bell_tower/descarga (8).jpg,dome(outer),0.3561069071292877
data/part1/dataset_hist_structures/Dataset_test/Dataset_test_original_1478/bell_tower/35339993521_6f20bcfab7_m.jpg,dome(outer),0.21782244741916656
data/part1/dataset_hist_structures/Dataset_test/Dataset_test_original_1478/bell_tower/ea73c790-211c-45e7-9ad3-274dc46f504d.jpg,vault,0.40928617119789124
data/part1/dataset_hist_structures/Dataset_test/Dataset_test_original_1478/bell_tower/36061863090_5bcf727969.jpg,vault,0.32533055543899536
data/part1/dataset_hist_structures/Dataset_test/Dataset_test_original_1478/bell_tower/e9496d9a-4df9-4ae4-8cc9-d31c671b8bda.jpg,gargoyle,0.2521505355834961
data/part1/dataset_hist_structures/Dataset_test/Dataset_test_original_1478/bell_tower/9654c825-4081-42a6-b259-1d351f5c0766.jpg,vault,0.4476906955242157
data/part1/dataset_hist_structures/Dataset_test/Dataset_test_original_1478/bell_tower/e0699ba5-12c5-4579-84cd-a3a400bcc813.jpg,vault,0.266660213470459
data/part1/dataset_hist_structures/Dataset_test/Dataset_test_original_1478/bell_tower/35771503393_663c999bbc_m.jpg,dome(outer),0.39705973863601685
data/part1/dataset_hist_structures/Dataset_test/Dataset_test_original_1478/bell_tower/images (47).jpg,dome(outer),0.44141680002212524
data/part1/dataset_hist_structures/Dataset_test/Dataset_test_original_1478/bell_tower/b37f4099-937d-4f25-a4f1-e43a635605be.jpg,dome(outer),0.24391625821590424
data/part1/dataset_hist_structures/Dataset_test/Dataset_test_original_1478/bell_tower/images (10).jpg,dome(outer),0.2818887233734131
data/part1/dataset_hist_structures/Dataset_test/Dataset_test_original_1478/bell_tower/458f7ad2-e1fa-4afe-b0f9-a12fa65c52e4.jpg,vault,0.39491456747055054
data/part1/dataset_hist_structures/Dataset_test/Dataset_test_original_1478/bell_tower/descarga (4).jpg,bell_tower,0.2546144425868988
data/part1/dataset_hist_structures/Dataset_test/Dataset_test_original_1478/bell_tower/0c471e30-17bc-48c2-83cd-dd3c6641e95b.jpg,gargoyle,0.4423098564147949
data/part1/dataset_hist_structures/Dataset_test/Dataset_test_original_1478/bell_tower/36656134441_b698807780_m.jpg,dome(outer),0.4291019141674042
data/part1/dataset_hist_structures/Dataset_test/Dataset_test_original_1478/bell_tower/36146390690_9c843fe744_n.jpg,vault,0.4212864935398102
data/part1/dataset_hist_structures/Dataset_test/Dataset_test_original_1478/dome(outer)/34068873604_b035c5534e_m.jpg,dome(outer),0.28963351249694824
data/part1/dataset_hist_structures/Dataset_test/Dataset_test_original_1478/dome(outer)/images (1).jpg,portal,0.23786044120788574
data/part1/dataset_hist_structures/Dataset_test/Dataset_test_original_1478/dome(outer)/images (44).jpg,dome(outer),0.42153865098953247
data/part1/dataset_hist_structures/Dataset_test/Dataset_test_original_1478/dome(outer)/9a046c1f-e498-43a4-a98e-38e5694c94c0.jpg,vault,0.23827141523361206
data/part1/dataset_hist_structures/Dataset_test/Dataset_test_original_1478/dome(outer)/7877b40c-f952-49a0-acf1-539566aa445a.jpg,vault,0.2887732684612274
data/part1/dataset_hist_structures/Dataset_test/Dataset_test_original_1478/dome(outer)/images (13).jpg,vault,0.37641894817352295
data/part1/dataset_hist_structures/Dataset_test/Dataset_test_original_1478/dome(outer)/descarga (7).jpg,vault,0.22498083114624023
data/part1/dataset_hist_structures/Dataset_test/Dataset_test_original_1478/dome(outer)/images (29).jpg,vault,0.24870255589485168
data/part1/dataset_hist_structures/Dataset_test/Dataset_test_original_1478/dome(outer)/36116351765_58398aff07.jpg,stained_glass,0.1958145648241043
data/part1/dataset_hist_structures/Dataset_test/Dataset_test_original_1478/dome(outer)/36168358666_20802ee6e2_m.jpg,stained_glass,0.24457187950611115
data/part1/dataset_hist_structures/Dataset_test/Dataset_test_original_1478/dome(outer)/dome (13).jpg,vault,0.38511714339256287
data/part1/dataset_hist_structures/Dataset_test/Dataset_test_original_1478/dome(outer)/eeb93c70-7a9f-49d0-8efa-1c673d4e226a.jpg,dome(outer),0.3502701222896576
data/part1/dataset_hist_structures/Dataset_test/Dataset_test_original_1478/dome(outer)/images (33).jpg,vault,0.5416610836982727
data/part1/dataset_hist_structures/Dataset_test/Dataset_test_original_1478/dome(outer)/stock-photo-71919127.jpg,vault,0.6064130663871765
data/part1/dataset_hist_structures/Dataset_test/Dataset_test_original_1478/dome(outer)/images (25).jpg,vault,0.4792851507663727
data/part1/dataset_hist_structures/Dataset_test/Dataset_test_original_1478/dome(outer)/779df61f-7d43-42ca-9d31-f39433dd8ad0.jpg,portal,0.32359471917152405
data/part1/dataset_hist_structures/Dataset_test/Dataset_test_original_1478/dome(outer)/images (72).jpg,portal,0.27261754870414734
data/part1/dataset_hist_structures/Dataset_test/Dataset_test_original_1478/dome(outer)/ec94abf6-ee4e-4ec1-83eb-08b1dd91aef1.jpg,dome(outer),0.5618225932121277
data/part1/dataset_hist_structures/Dataset_test/Dataset_test_original_1478/dome(outer)/b465fba8-2f5e-4340-844e-8c98102af26d.jpg,dome(outer),0.29669246077537537
data/part1/dataset_hist_structures/Dataset_test/Dataset_test_original_1478/dome(outer)/images (24).jpg,vault,0.28543204069137573
data/part1/dataset_hist_structures/Dataset_test/Dataset_test_original_1478/dome(outer)/307f69af-04d5-4030-b03f-41d6c5fba3f4.jpg,vault,0.28543204069137573
data/part1/dataset_hist_structures/Dataset_test/Dataset_test_original_1478/dome(outer)/images (32).jpg,vault,0.41409748792648315
data/part1/dataset_hist_structures/Dataset_test/Dataset_test_original_1478/dome(outer)/34912011025_ddc0091a82.jpg,vault,0.2609776556491852
data/part1/dataset_hist_structures/Dataset_test/Dataset_test_original_1478/dome(outer)/35cc372a-2872-44f8-8446-2147bbe4dd51.jpg,vault,0.5617364048957825
data/part1/dataset_hist_structures/Dataset_test/Dataset_test_original_1478/dome(outer)/206938ea-6f1b-4c77-b0d9-706064ffcd8c.jpg,vault,0.3507872223854065
data/part1/dataset_hist_structures/Dataset_test/Dataset_test_original_1478/dome(outer)/410d4590-c860-4886-97b4-1dc2a2f423f0.jpg,vault,0.23091116547584534
data/part1/dataset_hist_structures/Dataset_test/Dataset_test_original_1478/dome(outer)/dome (12).jpg,vault,0.5375943183898926
data/part1/dataset_hist_structures/Dataset_test/Dataset_test_original_1478/dome(outer)/5e18f43a-fae9-45f4-8906-59cba826790e.jpg,portal,0.5875122547149658
data/part1/dataset_hist_structures/Dataset_test/Dataset_test_original_1478/dome(outer)/dome (1).jpg,vault,0.3439461886882782
data/part1/dataset_hist_structures/Dataset_test/Dataset_test_original_1478/dome(outer)/images (28).jpg,dome(outer),0.27032479643821716
data/part1/dataset_hist_structures/Dataset_test/Dataset_test_original_1478/dome(outer)/stock-photo-60246372.jpg,dome(outer),0.3431525230407715
data/part1/dataset_hist_structures/Dataset_test/Dataset_test_original_1478/dome(outer)/36168356786_a6c237b28b_m.jpg,dome(outer),0.3155263662338257
data/part1/dataset_hist_structures/Dataset_test/Dataset_test_original_1478/dome(outer)/images (69).jpg,vault,0.23362478613853455
data/part1/dataset_hist_structures/Dataset_test/Dataset_test_original_1478/dome(outer)/descarga (6).jpg,portal,0.2843831181526184
data/part1/dataset_hist_structures/Dataset_test/Dataset_test_original_1478/dome(outer)/images (12).jpg,vault,0.2887732684612274
data/part1/dataset_hist_structures/Dataset_test/Dataset_test_original_1478/dome(outer)/fd0d7258-1a28-40ab-b1ea-546d17c25c19.jpg,vault,0.4744020104408264
data/part1/dataset_hist_structures/Dataset_test/Dataset_test_original_1478/dome(outer)/images (53).jpg,stained_glass,0.3681924343109131
data/part1/dataset_hist_structures/Dataset_test/Dataset_test_original_1478/dome(outer)/35527517524_5a1aa6e35f_m.jpg,vault,0.3190670311450958
data/part1/dataset_hist_structures/Dataset_test/Dataset_test_original_1478/dome(outer)/b2249a61-0b13-4742-8a27-8175b6735587.jpg,vault,0.36161547899246216
data/part1/dataset_hist_structures/Dataset_test/Dataset_test_original_1478/dome(outer)/images (58).jpg,dome(outer),0.5600639581680298
data/part1/dataset_hist_structures/Dataset_test/Dataset_test_original_1478/dome(outer)/images (19).jpg,vault,0.4479232430458069
data/part1/dataset_hist_structures/Dataset_test/Dataset_test_original_1478/dome(outer)/36118137751_7afbd18ea0_n.jpg,vault,0.37743479013442993
data/part1/dataset_hist_structures/Dataset_test/Dataset_test_original_1478/dome(outer)/stock-photo-72715393.jpg,vault,0.348438560962677
data/part1/dataset_hist_structures/Dataset_test/Dataset_test_original_1478/dome(outer)/images (62).jpg,vault,0.2592144310474396
data/part1/dataset_hist_structures/Dataset_test/Dataset_test_original_1478/dome(outer)/images (35).jpg,vault,0.39140743017196655
data/part1/dataset_hist_structures/Dataset_test/Dataset_test_original_1478/dome(outer)/2619b9ce-7f7e-42a3-ad26-4e82ebf53647.jpg,vault,0.5447887182235718
data/part1/dataset_hist_structures/Dataset_test/Dataset_test_original_1478/dome(outer)/stock-photo-186854511.jpg,dome(outer),0.3802637755870819
data/part1/dataset_hist_structures/Dataset_test/Dataset_test_original_1478/dome(outer)/images (23).jpg,vault,0.23362478613853455
data/part1/dataset_hist_structures/Dataset_test/Dataset_test_original_1478/dome(outer)/5a56228a-1329-41a0-b229-a905dc9b9bee.jpg,vault,0.3227697014808655
data/part1/dataset_hist_structures/Dataset_test/Dataset_test_original_1478/dome(outer)/images (7).jpg,stained_glass,0.2567285895347595
data/part1/dataset_hist_structures/Dataset_test/Dataset_test_original_1478/dome(outer)/images (15).jpg,vault,0.3975183069705963
data/part1/dataset_hist_structures/Dataset_test/Dataset_test_original_1478/dome(outer)/descarga (1).jpg,vault,0.31994161009788513
data/part1/dataset_hist_structures/Dataset_test/Dataset_test_original_1478/dome(outer)/2335ac9e-8427-462c-8c6c-a2404f7793f3.jpg,stained_glass,0.25300952792167664
data/part1/dataset_hist_structures/Dataset_test/Dataset_test_original_1478/dome(outer)/images (81).jpg,stained_glass,0.2142866998910904
data/part1/dataset_hist_structures/Dataset_test/Dataset_test_original_1478/dome(outer)/images (39).jpg,stained_glass,0.4659002721309662
data/part1/dataset_hist_structures/Dataset_test/Dataset_test_original_1478/dome(outer)/36168356566_4ba6b946ef.jpg,dome(outer),0.30933141708374023
data/part1/dataset_hist_structures/Dataset_test/Dataset_test_original_1478/dome(outer)/038925a7-c215-4b73-bc79-a0377f482fca.jpg,column,0.2294207513332367
data/part1/dataset_hist_structures/Dataset_test/Dataset_test_original_1478/dome(outer)/dome (6).jpg,dome(outer),0.2680874168872833
data/part1/dataset_hist_structures/Dataset_test/Dataset_test_original_1478/dome(outer)/35462726643_df006df001_n.jpg,dome(outer),0.41974881291389465
data/part1/dataset_hist_structures/Dataset_test/Dataset_test_original_1478/dome(outer)/288b9d58-eda0-4388-938a-5b660b8e0a9e.jpg,dome(outer),0.44909098744392395
data/part1/dataset_hist_structures/Dataset_test/Dataset_test_original_1478/dome(outer)/images (79).jpg,vault,0.3109722137451172
data/part1/dataset_hist_structures/Dataset_test/Dataset_test_original_1478/dome(outer)/dome (7).jpg,portal,0.29839080572128296
data/part1/dataset_hist_structures/Dataset_test/Dataset_test_original_1478/dome(outer)/36524093775_e17ac25004_m.jpg,dome(outer),0.4623456597328186
data/part1/dataset_hist_structures/Dataset_test/Dataset_test_original_1478/dome(outer)/36058646884_d5c9ebed36_m.jpg,vault,0.3603200912475586
data/part1/dataset_hist_structures/Dataset_test/Dataset_test_original_1478/dome(outer)/35427232294_97cc42fe63_n.jpg,vault,0.31997349858283997
data/part1/dataset_hist_structures/Dataset_test/Dataset_test_original_1478/dome(outer)/images (38).jpg,dome(outer),0.23530156910419464
data/part1/dataset_hist_structures/Dataset_test/Dataset_test_original_1478/dome(outer)/2cfcc970-b05b-47cf-9b0d-678074680814.jpg,vault,0.5317950248718262
data/part1/dataset_hist_structures/Dataset_test/Dataset_test_original_1478/dome(outer)/35661238713_725aa95369_m.jpg,vault,0.4984303116798401
data/part1/dataset_hist_structures/Dataset_test/Dataset_test_original_1478/dome(outer)/images (14).jpg,dome(outer),0.3777311444282532
data/part1/dataset_hist_structures/Dataset_test/Dataset_test_original_1478/dome(outer)/images (6).jpg,vault,0.4411262273788452
data/part1/dataset_hist_structures/Dataset_test/Dataset_test_original_1478/dome(outer)/4ff1e2aa-bc3e-4360-973b-83f53f92801f.jpg,vault,0.22608056664466858
data/part1/dataset_hist_structures/Dataset_test/Dataset_test_original_1478/dome(outer)/images (75).jpg,vault,0.324857234954834
data/part1/dataset_hist_structures/Dataset_test/Dataset_test_original_1478/dome(outer)/images (22).jpg,stained_glass,0.3839385211467743
data/part1/dataset_hist_structures/Dataset_test/Dataset_test_original_1478/dome(outer)/36510047892_4da75446bb_n.jpg,portal,0.28070583939552307
data/part1/dataset_hist_structures/Dataset_test/Dataset_test_original_1478/dome(outer)/images (34).jpg,vault,0.260229229927063
data/part1/dataset_hist_structures/Dataset_test/Dataset_test_original_1478/dome(outer)/images (63).jpg,vault,0.24870255589485168
data/part1/dataset_hist_structures/Dataset_test/Dataset_test_original_1478/dome(outer)/images (18).jpg,vault,0.31757688522338867
data/part1/dataset_hist_structures/Dataset_test/Dataset_test_original_1478/dome(outer)/f9815dc2-0c92-4b57-8ffb-d78275a6d6f2.jpg,dome(outer),0.34222349524497986
data/part1/dataset_hist_structures/Dataset_test/Dataset_test_original_1478/dome(outer)/4a667c4c-94c2-4295-b2f3-d7d61fc5cbd0.jpg,dome(outer),0.43690839409828186
data/part1/dataset_hist_structures/Dataset_test/Dataset_test_original_1478/dome(outer)/dome (8).jpg,vault,0.231902077794075
data/part1/dataset_hist_structures/Dataset_test/Dataset_test_original_1478/dome(outer)/images (76).jpg,vault,0.3217284083366394
data/part1/dataset_hist_structures/Dataset_test/Dataset_test_original_1478/dome(outer)/453ddb15-c66a-4b8c-b2a4-9eec512ee526.jpg,dome(outer),0.26146382093429565
data/part1/dataset_hist_structures/Dataset_test/Dataset_test_original_1478/dome(outer)/images (21).jpg,dome(outer),0.2152682989835739
data/part1/dataset_hist_structures/Dataset_test/Dataset_test_original_1478/dome(outer)/images (37).jpg,vault,0.37641894817352295
data/part1/dataset_hist_structures/Dataset_test/Dataset_test_original_1478/dome(outer)/stock-photo-15405003.jpg,portal,0.2959776818752289
data/part1/dataset_hist_structures/Dataset_test/Dataset_test_original_1478/dome(outer)/e3ef9ecf-f421-4b14-9814-0a8303130805.jpg,vault,0.2441592812538147
data/part1/dataset_hist_structures/Dataset_test/Dataset_test_original_1478/dome(outer)/35378101143_2d3f477427_n.jpg,bell_tower,0.18222515285015106
data/part1/dataset_hist_structures/Dataset_test/Dataset_test_original_1478/dome(outer)/descarga.jpg,vault,0.24573184549808502
data/part1/dataset_hist_structures/Dataset_test/Dataset_test_original_1478/dome(outer)/images (9).jpg,dome(outer),0.3392731249332428
data/part1/dataset_hist_structures/Dataset_test/Dataset_test_original_1478/dome(outer)/dome (4).jpg,vault,0.3335942029953003
data/part1/dataset_hist_structures/Dataset_test/Dataset_test_original_1478/dome(outer)/34912986525_f1340f248f_n.jpg,vault,0.36799514293670654
data/part1/dataset_hist_structures/Dataset_test/Dataset_test_original_1478/dome(outer)/6879b21b-577a-4bb8-8db4-266cd0952411.jpg,vault,0.36490991711616516
data/part1/dataset_hist_structures/Dataset_test/Dataset_test_original_1478/dome(outer)/descarga (3).jpg,dome(outer),0.38089099526405334
data/part1/dataset_hist_structures/Dataset_test/Dataset_test_original_1478/dome(outer)/effaac4a-4f84-41a5-908b-b26b82a50b7a.jpg,vault,0.4570978283882141
data/part1/dataset_hist_structures/Dataset_test/Dataset_test_original_1478/dome(outer)/1fc2cd9b-7614-4a59-89a7-080048ccddb7.jpg,vault,0.37282595038414
data/part1/dataset_hist_structures/Dataset_test/Dataset_test_original_1478/dome(outer)/images (17).jpg,vault,0.5317950248718262
data/part1/dataset_hist_structures/Dataset_test/Dataset_test_original_1478/dome(outer)/images (40).jpg,dome(outer),0.3070710599422455
data/part1/dataset_hist_structures/Dataset_test/Dataset_test_original_1478/dome(outer)/6fc76e5b-afd6-42f9-996f-62f1e2099f2d.jpg,dome(outer),0.23530156910419464
data/part1/dataset_hist_structures/Dataset_test/Dataset_test_original_1478/dome(outer)/images (5).jpg,vault,0.24369031190872192
data/part1/dataset_hist_structures/Dataset_test/Dataset_test_original_1478/dome(outer)/images (56).jpg,vault,0.22416719794273376
data/part1/dataset_hist_structures/Dataset_test/Dataset_test_original_1478/dome(outer)/a387246b-c59e-42ea-9772-29866b93998f.jpg,vault,0.4401695132255554
data/part1/dataset_hist_structures/Dataset_test/Dataset_test_original_1478/dome(outer)/27e1e7da-46e7-43d5-8431-8429f72c2ef0.jpg,portal,0.3115990161895752
data/part1/dataset_hist_structures/Dataset_test/Dataset_test_original_1478/dome(outer)/images (4).jpg,vault,0.4182525873184204
data/part1/dataset_hist_structures/Dataset_test/Dataset_test_original_1478/dome(outer)/images (41).jpg,vault,0.22535283863544464
data/part1/dataset_hist_structures/Dataset_test/Dataset_test_original_1478/dome(outer)/images (16).jpg,vault,0.27367138862609863
data/part1/dataset_hist_structures/Dataset_test/Dataset_test_original_1478/dome(outer)/descarga (2).jpg,vault,0.29392167925834656
data/part1/dataset_hist_structures/Dataset_test/Dataset_test_original_1478/dome(outer)/images (82).jpg,vault,0.5134589076042175
data/part1/dataset_hist_structures/Dataset_test/Dataset_test_original_1478/dome(outer)/dome (5).jpg,dome(outer),0.31808018684387207
data/part1/dataset_hist_structures/Dataset_test/Dataset_test_original_1478/dome(outer)/35919381572_41bee4ca5c_m.jpg,vault,0.487508088350296
data/part1/dataset_hist_structures/Dataset_test/Dataset_test_original_1478/dome(outer)/a863d535-4e85-4259-a838-b0a72989e21a.jpg,stained_glass,0.3839385211467743
data/part1/dataset_hist_structures/Dataset_test/Dataset_test_original_1478/dome(outer)/images (94).jpg,vault,0.27823272347450256
data/part1/dataset_hist_structures/Dataset_test/Dataset_test_original_1478/dome(outer)/7d1b0683-32ee-4799-94e9-0cc8fcabd6dc.jpg,dome(outer),0.5562784671783447
data/part1/dataset_hist_structures/Dataset_test/Dataset_test_original_1478/dome(outer)/images (8).jpg,dome(outer),0.40729591250419617
data/part1/dataset_hist_structures/Dataset_test/Dataset_test_original_1478/dome(outer)/bf6f7c99-d18c-4b17-bb3b-e1214b59e089.jpg,portal,0.3181131184101105
data/part1/dataset_hist_structures/Dataset_test/Dataset_test_original_1478/dome(outer)/bc09807d-65f5-4bdc-989f-57b81470d3d6.jpg,dome(outer),0.2680874168872833
data/part1/dataset_hist_structures/Dataset_test/Dataset_test_original_1478/dome(outer)/04514cab-7d87-434e-9894-c3ce2600cc77.jpg,vault,0.3757227957248688
data/part1/dataset_hist_structures/Dataset_test/Dataset_test_original_1478/dome(outer)/images (36).jpg,portal,0.2820828855037689
data/part1/dataset_hist_structures/Dataset_test/Dataset_test_original_1478/dome(outer)/36207246090_c9e96d88e5_n.jpg,stained_glass,0.34086164832115173
data/part1/dataset_hist_structures/Dataset_test/Dataset_test_original_1478/dome(outer)/images (20).jpg,vault,0.35696375370025635
data/part1/dataset_hist_structures/Dataset_test/Dataset_test_original_1478/dome(outer)/images (77).jpg,vault,0.3036511242389679
data/part1/dataset_hist_structures/Dataset_test/Dataset_test_original_1478/dome(outer)/dome (9).jpg,dome(outer),0.44909098744392395
data/part1/dataset_hist_structures/Dataset_test/Dataset_test_original_1478/dome(outer)/7ddbb457-44a8-4bd5-91de-cada6ef136ad.jpg,vault,0.2650446593761444
data/part1/dataset_hist_structures/Dataset_test/Dataset_test_original_1478/dome(outer)/dome (2).jpg,vault,0.2247031033039093
data/part1/dataset_hist_structures/Dataset_test/Dataset_test_original_1478/dome(outer)/stock-photo-38878488.jpg,vault,0.2405642718076706
data/part1/dataset_hist_structures/Dataset_test/Dataset_test_original_1478/dome(outer)/f18957fa-de7a-42d5-b311-7307fe8d946e.jpg,vault,0.33225709199905396
data/part1/dataset_hist_structures/Dataset_test/Dataset_test_original_1478/dome(outer)/74bfadb2-3121-4c26-9d93-d76cce30ce19.jpg,dome(outer),0.3623572587966919
data/part1/dataset_hist_structures/Dataset_test/Dataset_test_original_1478/dome(outer)/08c748ab-e4be-4c26-bf47-22de3f57dc74.jpg,dome(outer),0.2092774361371994
data/part1/dataset_hist_structures/Dataset_test/Dataset_test_original_1478/dome(outer)/descarga (5).jpg,vault,0.33324816823005676
data/part1/dataset_hist_structures/Dataset_test/Dataset_test_original_1478/dome(outer)/images (11).jpg,vault,0.5000528693199158
data/part1/dataset_hist_structures/Dataset_test/Dataset_test_original_1478/dome(outer)/41321eaf-5436-420e-b80a-ab43acf38b9c.jpg,portal,0.2820828855037689
data/part1/dataset_hist_structures/Dataset_test/Dataset_test_original_1478/dome(outer)/36125410772_cbc6d2f2e5.jpg,vault,0.28079602122306824
data/part1/dataset_hist_structures/Dataset_test/Dataset_test_original_1478/dome(outer)/images (3).jpg,dome(outer),0.5453262329101562
data/part1/dataset_hist_structures/Dataset_test/Dataset_test_original_1478/dome(outer)/24f6910b-2be4-4292-a38e-845c6bc5e093.jpg,vault,0.3134230673313141
data/part1/dataset_hist_structures/Dataset_test/Dataset_test_original_1478/dome(outer)/b197cda9-7ddb-4ca1-873d-36cca531129b.jpg,vault,0.28158995509147644
data/part1/dataset_hist_structures/Dataset_test/Dataset_test_original_1478/dome(outer)/210a7171-7bab-4f45-8f20-d9642543893f.jpg,vault,0.44385623931884766
data/part1/dataset_hist_structures/Dataset_test/Dataset_test_original_1478/dome(outer)/images (27).jpg,vault,0.29584360122680664
data/part1/dataset_hist_structures/Dataset_test/Dataset_test_original_1478/dome(outer)/images (31).jpg,dome(outer),0.29669246077537537
data/part1/dataset_hist_structures/Dataset_test/Dataset_test_original_1478/dome(outer)/08b14121-0550-4997-ab7c-a111f61d9af5.jpg,vault,0.5416610836982727
data/part1/dataset_hist_structures/Dataset_test/Dataset_test_original_1478/dome(outer)/descarga (9).jpg,vault,0.5738781094551086
data/part1/dataset_hist_structures/Dataset_test/Dataset_test_original_1478/dome(outer)/e4f7f5ac-3c75-4c32-b306-ee3204bb685c.jpg,vault,0.24369031190872192
data/part1/dataset_hist_structures/Dataset_test/Dataset_test_original_1478/dome(outer)/images (66).jpg,vault,0.5000528693199158
data/part1/dataset_hist_structures/Dataset_test/Dataset_test_original_1478/dome(outer)/7168655e-a8d2-4eb9-8548-41073205a9aa.jpg,vault,0.31757688522338867
data/part1/dataset_hist_structures/Dataset_test/Dataset_test_original_1478/dome(outer)/dome (11).jpg,vault,0.23091116547584534
data/part1/dataset_hist_structures/Dataset_test/Dataset_test_original_1478/dome(outer)/35968275932_eb87679ec2_n.jpg,dome(outer),0.45166292786598206
data/part1/dataset_hist_structures/Dataset_test/Dataset_test_original_1478/dome(outer)/9e4921eb-f9d9-47b8-b58c-12dedbad4f82.jpg,vault,0.35696375370025635
data/part1/dataset_hist_structures/Dataset_test/Dataset_test_original_1478/dome(outer)/stock-photo-51072554.jpg,portal,0.24812905490398407
data/part1/dataset_hist_structures/Dataset_test/Dataset_test_original_1478/dome(outer)/35860767663_f9ff22d218_m.jpg,vault,0.3411826193332672
data/part1/dataset_hist_structures/Dataset_test/Dataset_test_original_1478/dome(outer)/0e72c401-3f0d-4984-b75e-f4296a25ce55.jpg,vault,0.50266432762146
data/part1/dataset_hist_structures/Dataset_test/Dataset_test_original_1478/dome(outer)/36297871165_6d9530d8bc.jpg,dome(outer),0.5727340579032898
data/part1/dataset_hist_structures/Dataset_test/Dataset_test_original_1478/dome(outer)/dome (10).jpg,portal,0.3115990161895752
data/part1/dataset_hist_structures/Dataset_test/Dataset_test_original_1478/dome(outer)/descarga (8).jpg,vault,0.42650556564331055
data/part1/dataset_hist_structures/Dataset_test/Dataset_test_original_1478/dome(outer)/images (30).jpg,dome(outer),0.3392731249332428
data/part1/dataset_hist_structures/Dataset_test/Dataset_test_original_1478/dome(outer)/0cad379f-a22a-4503-a29a-036644ff7f59.jpg,dome(outer),0.2935139238834381
data/part1/dataset_hist_structures/Dataset_test/Dataset_test_original_1478/dome(outer)/images (26).jpg,vault,0.22416719794273376
data/part1/dataset_hist_structures/Dataset_test/Dataset_test_original_1478/dome(outer)/35320775283_4172aca2ca_n.jpg,dome(outer),0.40615060925483704
data/part1/dataset_hist_structures/Dataset_test/Dataset_test_original_1478/dome(outer)/images (71).jpg,vault,0.3099662959575653
data/part1/dataset_hist_structures/Dataset_test/Dataset_test_original_1478/dome(outer)/36198614085_74565e2f25_n.jpg,vault,0.30725982785224915
data/part1/dataset_hist_structures/Dataset_test/Dataset_test_original_1478/dome(outer)/08f1a5cb-7a4b-4828-bd24-8605956ae522.jpg,portal,0.29839080572128296
data/part1/dataset_hist_structures/Dataset_test/Dataset_test_original_1478/dome(outer)/images.jpg,dome(outer),0.3575001060962677
data/part1/dataset_hist_structures/Dataset_test/Dataset_test_original_1478/dome(outer)/f21efa22-3fe3-4afb-a047-160b58f97e08.jpg,vault,0.41409748792648315
data/part1/dataset_hist_structures/Dataset_test/Dataset_test_original_1478/dome(outer)/images (2).jpg,vault,0.33770668506622314
data/part1/dataset_hist_structures/Dataset_test/Dataset_test_original_1478/dome(outer)/stock-photo-151131273.jpg,dome(outer),0.24030925333499908
data/part1/dataset_hist_structures/Dataset_test/Dataset_test_original_1478/dome(outer)/images (10).jpg,stained_glass,0.3681924343109131
data/part1/dataset_hist_structures/Dataset_test/Dataset_test_original_1478/dome(outer)/descarga (4).jpg,vault,0.35640424489974976
data/part1/dataset_hist_structures/Dataset_test/Dataset_test_original_1478/dome(outer)/36045676474_daf0938b81_m.jpg,vault,0.3487420678138733
data/part1/dataset_hist_structures/Dataset_test/Dataset_test_original_1478/dome(outer)/stock-photo-62557669.jpg,vault,0.29931318759918213
data/part1/dataset_hist_structures/Dataset_test/Dataset_test_original_1478/dome(outer)/36168356896_8b15287c88_n.jpg,vault,0.25522470474243164
data/part1/dataset_hist_structures/Dataset_test/Dataset_test_original_1478/dome(outer)/dome (3).jpg,dome(outer),0.5453262329101562
data/part1/dataset_hist_structures/Dataset_test/Dataset_test_original_1478/gargoyle/33387655364_f7e19e90b3_n.jpg,dome(outer),0.3595338761806488
data/part1/dataset_hist_structures/Dataset_test/Dataset_test_original_1478/gargoyle/cde7ec4b-3c09-4e30-b55c-c845274bc5ca.jpg,dome(outer),0.8185939788818359
data/part1/dataset_hist_structures/Dataset_test/Dataset_test_original_1478/gargoyle/db786038-5915-425d-8db4-6ad0a00fcce7.jpg,dome(outer),0.29435500502586365
data/part1/dataset_hist_structures/Dataset_test/Dataset_test_original_1478/gargoyle/41e6a48d-5d08-4e24-b1a9-3007d2c00ffa.jpg,dome(outer),0.23036545515060425
data/part1/dataset_hist_structures/Dataset_test/Dataset_test_original_1478/gargoyle/118de76f-31b0-4f42-b0b1-56c3e623cf9c.jpg,vault,0.3771170973777771
data/part1/dataset_hist_structures/Dataset_test/Dataset_test_original_1478/gargoyle/79017a13-f32f-48aa-8c16-aedea445a4d2.jpg,dome(outer),0.5158677101135254
data/part1/dataset_hist_structures/Dataset_test/Dataset_test_original_1478/gargoyle/651f3f45-8593-4559-9db1-8eeecbd83f5d.jpg,dome(outer),0.524624764919281
data/part1/dataset_hist_structures/Dataset_test/Dataset_test_original_1478/gargoyle/34637829682_af90e19991_n.jpg,dome(outer),0.5059021711349487
data/part1/dataset_hist_structures/Dataset_test/Dataset_test_original_1478/gargoyle/870e63e0-f715-4ca0-80e0-63338b9fc01b.jpg,dome(outer),0.49348050355911255
data/part1/dataset_hist_structures/Dataset_test/Dataset_test_original_1478/gargoyle/b57d6858-a1c1-4314-94a6-8392a5ea72a7.jpg,dome(outer),0.6314718127250671
data/part1/dataset_hist_structures/Dataset_test/Dataset_test_original_1478/gargoyle/edf21d84-55bc-469e-8302-c57b86f5ee84.jpg,dome(outer),0.24539919197559357
data/part1/dataset_hist_structures/Dataset_test/Dataset_test_original_1478/gargoyle/4bb5417e-93c2-4f49-a5c5-6678918f93db.jpg,dome(outer),0.2711801528930664
data/part1/dataset_hist_structures/Dataset_test/Dataset_test_original_1478/gargoyle/9a0a7eda-8c57-4ddc-9dd6-9de11f47f26c.jpg,dome(outer),0.4013622999191284
data/part1/dataset_hist_structures/Dataset_test/Dataset_test_original_1478/gargoyle/35835604125_7266911f98_m.jpg,dome(outer),0.5445066094398499
data/part1/dataset_hist_structures/Dataset_test/Dataset_test_original_1478/gargoyle/fc75900c-eff5-48f5-8549-2732385b6abe.jpg,dome(outer),0.634752094745636
data/part1/dataset_hist_structures/Dataset_test/Dataset_test_original_1478/gargoyle/6d606dca-5b4d-44dd-9f24-005ee09cdff9.jpg,dome(outer),0.7459244132041931
data/part1/dataset_hist_structures/Dataset_test/Dataset_test_original_1478/gargoyle/a0ffe3f6-e094-4fb7-801c-e0dd8b3e4b34.jpg,dome(outer),0.6905951499938965
data/part1/dataset_hist_structures/Dataset_test/Dataset_test_original_1478/gargoyle/35726966670_a1e2f9a15f_m.jpg,dome(outer),0.6580837965011597
data/part1/dataset_hist_structures/Dataset_test/Dataset_test_original_1478/gargoyle/bdd4f9af-522c-4f62-9388-5395826ed780.jpg,dome(outer),0.37909361720085144
data/part1/dataset_hist_structures/Dataset_test/Dataset_test_original_1478/gargoyle/33275195671_b42cdc6207_m.jpg,dome(outer),0.5612996816635132
data/part1/dataset_hist_structures/Dataset_test/Dataset_test_original_1478/gargoyle/b7c86243-cfe2-44bf-b8c4-d9fab6413065.jpg,dome(outer),0.3915883004665375
data/part1/dataset_hist_structures/Dataset_test/Dataset_test_original_1478/gargoyle/19fdfc17-14a1-4db3-9bd6-62b4200ed6b0.jpg,vault,0.35714733600616455
data/part1/dataset_hist_structures/Dataset_test/Dataset_test_original_1478/gargoyle/e37547bf-ec32-44e9-b3d0-f04698092171.jpg,dome(outer),0.3973766267299652
data/part1/dataset_hist_structures/Dataset_test/Dataset_test_original_1478/gargoyle/78494b6c-addd-4fdc-b3cf-3fc86324c9ed.jpg,dome(outer),0.5556922554969788
data/part1/dataset_hist_structures/Dataset_test/Dataset_test_original_1478/gargoyle/7eeb39a1-a235-4767-9599-deb306b70837.jpg,dome(outer),0.5205780863761902
data/part1/dataset_hist_structures/Dataset_test/Dataset_test_original_1478/gargoyle/d4bdda60-6a8e-472f-9d12-11d8a47283c6.jpg,dome(outer),0.4276309907436371
data/part1/dataset_hist_structures/Dataset_test/Dataset_test_original_1478/gargoyle/34146517075_a1e24ba06c_m.jpg,dome(outer),0.3625936806201935
data/part1/dataset_hist_structures/Dataset_test/Dataset_test_original_1478/gargoyle/4656f053-9968-4986-9892-e39bf89ff00e.jpg,dome(outer),0.5870150327682495
data/part1/dataset_hist_structures/Dataset_test/Dataset_test_original_1478/gargoyle/418b9f10-a671-4aaa-9180-7fe1e2ea21ea.jpg,dome(outer),0.5837770104408264
data/part1/dataset_hist_structures/Dataset_test/Dataset_test_original_1478/gargoyle/34641304053_dc12becca1_n.jpg,dome(outer),0.40775665640830994
data/part1/dataset_hist_structures/Dataset_test/Dataset_test_original_1478/gargoyle/5d5aabf6-f22c-4bd0-a8c7-b13d3de39482.jpg,dome(outer),0.44662705063819885
data/part1/dataset_hist_structures/Dataset_test/Dataset_test_original_1478/gargoyle/e3d31f87-1f07-45eb-931f-ba4cbe72b4b5.jpg,dome(outer),0.6218048930168152
data/part1/dataset_hist_structures/Dataset_test/Dataset_test_original_1478/gargoyle/35694805442_53a1e7288b_n.jpg,vault,0.3780674636363983
data/part1/dataset_hist_structures/Dataset_test/Dataset_test_original_1478/gargoyle/65f51d37-c523-4bc2-b20a-d8dbb3ac7300.jpg,stained_glass,0.3220962584018707
data/part1/dataset_hist_structures/Dataset_test/Dataset_test_original_1478/gargoyle/766633a7-002c-404f-9d27-e814552e8fdf.jpg,dome(outer),0.7997073531150818
data/part1/dataset_hist_structures/Dataset_test/Dataset_test_original_1478/gargoyle/16ea63bf-a920-46db-ae95-02a15fb3ada4.jpg,dome(outer),0.5389608144760132
data/part1/dataset_hist_structures/Dataset_test/Dataset_test_original_1478/gargoyle/4ac0e79f-f2a7-4d98-bf73-e5deb79083df.jpg,dome(outer),0.43242502212524414
data/part1/dataset_hist_structures/Dataset_test/Dataset_test_original_1478/gargoyle/599ed432-2e89-42e6-93b7-747f6aba27a3.jpg,dome(outer),0.7624577879905701
data/part1/dataset_hist_structures/Dataset_test/Dataset_test_original_1478/gargoyle/32516523013_5bea40d752_n.jpg,dome(outer),0.820178747177124
data/part1/dataset_hist_structures/Dataset_test/Dataset_test_original_1478/gargoyle/91710348-2ffc-437d-90cb-894b3fcce05f.jpg,dome(outer),0.7871476411819458
data/part1/dataset_hist_structures/Dataset_test/Dataset_test_original_1478/gargoyle/32488175574_9d10a4b363_n.jpg,dome(outer),0.545642614364624
data/part1/dataset_hist_structures/Dataset_test/Dataset_test_original_1478/gargoyle/eb0d70ca-9bf1-4a35-a448-61181b9d49ca.jpg,dome(outer),0.5462414622306824
data/part1/dataset_hist_structures/Dataset_test/Dataset_test_original_1478/gargoyle/b9d25588-1122-4f12-a5c5-c70181725173.jpg,dome(outer),0.6063340306282043
data/part1/dataset_hist_structures/Dataset_test/Dataset_test_original_1478/gargoyle/33960820620_051b23823a_m.jpg,dome(outer),0.5527381896972656
data/part1/dataset_hist_structures/Dataset_test/Dataset_test_original_1478/gargoyle/ead60da2-0f54-46f9-8f48-f5b99f7d2c9a.jpg,vault,0.5800819396972656
data/part1/dataset_hist_structures/Dataset_test/Dataset_test_original_1478/gargoyle/36526357012_f702cc801a_m.jpg,vault,0.6713665723800659
data/part1/dataset_hist_structures/Dataset_test/Dataset_test_original_1478/gargoyle/33908086171_4d3d9f0379_n.jpg,dome(outer),0.5223483443260193
data/part1/dataset_hist_structures/Dataset_test/Dataset_test_original_1478/gargoyle/6fb60819-8378-4725-9fb4-fc21afee8ced.jpg,dome(outer),0.3633668124675751
data/part1/dataset_hist_structures/Dataset_test/Dataset_test_original_1478/gargoyle/980a21bf-aba6-4110-8bba-8d6eb07299e5.jpg,dome(outer),0.657050371170044
data/part1/dataset_hist_structures/Dataset_test/Dataset_test_original_1478/gargoyle/ece545c2-eae6-41c5-82ec-d5cf45030860.jpg,column,0.30027711391448975
data/part1/dataset_hist_structures/Dataset_test/Dataset_test_original_1478/gargoyle/5ff1e5f6-32f6-4e6c-8418-b0e08b7225ed.jpg,dome(outer),0.3422090709209442
data/part1/dataset_hist_structures/Dataset_test/Dataset_test_original_1478/gargoyle/911e19b3-0ac2-427c-99ea-b88248575241.jpg,column,0.30953991413116455
data/part1/dataset_hist_structures/Dataset_test/Dataset_test_original_1478/gargoyle/16924a52-2f47-46bb-824f-69f024f4e67e.jpg,dome(outer),0.3435795307159424
data/part1/dataset_hist_structures/Dataset_test/Dataset_test_original_1478/gargoyle/34729018272_3282a5491a_m.jpg,vault,0.4404118061065674
data/part1/dataset_hist_structures/Dataset_test/Dataset_test_original_1478/gargoyle/e2ada360-cfcb-4332-80b7-35af6a2183bb.jpg,dome(outer),0.4925418794155121
data/part1/dataset_hist_structures/Dataset_test/Dataset_test_original_1478/gargoyle/6e55d4e6-536a-4c25-9e3b-d79ea708c6a2.jpg,dome(outer),0.42602136731147766
data/part1/dataset_hist_structures/Dataset_test/Dataset_test_original_1478/gargoyle/2acf4c7a-ca0f-4ff2-a8df-c10dd833fb91.jpg,dome(outer),0.5001102685928345
data/part1/dataset_hist_structures/Dataset_test/Dataset_test_original_1478/gargoyle/98f07204-86d3-41f9-b87a-9e89d4a0f154.jpg,dome(outer),0.69383305311203
data/part1/dataset_hist_structures/Dataset_test/Dataset_test_original_1478/gargoyle/962a653b-3516-43e8-a2f1-570ce7698128.jpg,gargoyle,0.36723005771636963
data/part1/dataset_hist_structures/Dataset_test/Dataset_test_original_1478/gargoyle/35712465766_d3801edc89_m.jpg,dome(outer),0.38238027691841125
data/part1/dataset_hist_structures/Dataset_test/Dataset_test_original_1478/gargoyle/b7383a31-8944-42ee-aba4-b5e9eff9e928.jpg,dome(outer),0.637569010257721
data/part1/dataset_hist_structures/Dataset_test/Dataset_test_original_1478/gargoyle/141e038e-3edd-4cf0-bd2d-2fc5c4e106dc.jpg,dome(outer),0.5868043303489685
data/part1/dataset_hist_structures/Dataset_test/Dataset_test_original_1478/gargoyle/a3970499-7081-4827-8ec6-727ba2f13688.jpg,gargoyle,0.2661586403846741
data/part1/dataset_hist_structures/Dataset_test/Dataset_test_original_1478/gargoyle/519b6ef4-8829-4eaf-af49-4cd3f929e527.jpg,dome(outer),0.19161638617515564
data/part1/dataset_hist_structures/Dataset_test/Dataset_test_original_1478/gargoyle/66fde7c2-72ab-48a0-a784-d9d78982d20a.jpg,dome(outer),0.3850930631160736
data/part1/dataset_hist_structures/Dataset_test/Dataset_test_original_1478/gargoyle/35857592005_b83c34a0f1_n.jpg,vault,0.3774573802947998
data/part1/dataset_hist_structures/Dataset_test/Dataset_test_original_1478/gargoyle/24e57206-3f9d-4900-bbae-6acac990bd88.jpg,dome(outer),0.2957381010055542
data/part1/dataset_hist_structures/Dataset_test/Dataset_test_original_1478/gargoyle/bbd812e4-f1a6-462c-aace-2260d4f9b99a.jpg,dome(outer),0.3033817708492279
data/part1/dataset_hist_structures/Dataset_test/Dataset_test_original_1478/gargoyle/8aefacb6-b22e-4145-b144-9af393eb64ab.jpg,portal,0.28778040409088135
data/part1/dataset_hist_structures/Dataset_test/Dataset_test_original_1478/gargoyle/871aa5e3-17e9-49ac-93da-ae31266750dd.jpg,dome(outer),0.7416152954101562
data/part1/dataset_hist_structures/Dataset_test/Dataset_test_original_1478/gargoyle/9b6abec1-c208-4fac-bd23-e60d36ed241b.jpg,dome(outer),0.40962180495262146
data/part1/dataset_hist_structures/Dataset_test/Dataset_test_original_1478/gargoyle/b8784787-2c56-405a-b2b1-7e335afd4ceb.jpg,dome(outer),0.3374338448047638
data/part1/dataset_hist_structures/Dataset_test/Dataset_test_original_1478/gargoyle/e2251503-a230-46b5-9102-c0c2394ba0f0.jpg,dome(outer),0.31731346249580383
data/part1/dataset_hist_structures/Dataset_test/Dataset_test_original_1478/gargoyle/1056ac30-df83-4995-b242-c1aee06ae4ea.jpg,dome(outer),0.8267630338668823
data/part1/dataset_hist_structures/Dataset_test/Dataset_test_original_1478/gargoyle/0be34b0a-9252-4522-9ea9-aef94d58e68f.jpg,dome(outer),0.6727356910705566
data/part1/dataset_hist_structures/Dataset_test/Dataset_test_original_1478/gargoyle/1caaee89-8a67-4772-a443-3f1d75626969.jpg,dome(outer),0.5533527135848999
data/part1/dataset_hist_structures/Dataset_test/Dataset_test_original_1478/gargoyle/0b0799cc-ba18-423b-8089-b4bd1d73fe30.jpg,column,0.21089519560337067
data/part1/dataset_hist_structures/Dataset_test/Dataset_test_original_1478/gargoyle/35691276842_1f111b9b07_n.jpg,dome(outer),0.18582436442375183
data/part1/dataset_hist_structures/Dataset_test/Dataset_test_original_1478/gargoyle/0d6569dd-b166-4287-963f-7165d3ec6fa4.jpg,vault,0.4158984124660492
data/part1/dataset_hist_structures/Dataset_test/Dataset_test_original_1478/gargoyle/f0d2c178-0f61-464b-a155-af57c44f003a.jpg,column,0.27534109354019165
data/part1/dataset_hist_structures/Dataset_test/Dataset_test_original_1478/gargoyle/d225ddc0-005b-4c8b-971c-4bd33464a80b.jpg,dome(outer),0.3437841832637787
data/part1/dataset_hist_structures/Dataset_test/Dataset_test_original_1478/gargoyle/2f4179f2-03db-4526-810a-dd02ca852c47.jpg,dome(outer),0.4630860388278961
data/part1/dataset_hist_structures/Dataset_test/Dataset_test_original_1478/gargoyle/32589158753_a1f86ac36d_m.jpg,dome(outer),0.3989814817905426
data/part1/dataset_hist_structures/Dataset_test/Dataset_test_original_1478/gargoyle/7f18d13d-bf3e-483f-8f31-955305c1c742.jpg,dome(outer),0.5353468060493469
data/part1/dataset_hist_structures/Dataset_test/Dataset_test_original_1478/gargoyle/ab4faa93-64ed-4db5-998d-b9335f5d9de6.jpg,dome(outer),0.31231504678726196
data/part1/dataset_hist_structures/Dataset_test/Dataset_test_original_1478/gargoyle/68a4f9bd-09c3-4eed-bfcb-b68b050a898a.jpg,dome(outer),0.4952576756477356
data/part1/dataset_hist_structures/Dataset_test/Dataset_test_original_1478/gargoyle/36697772025_37a9c0c116_m.jpg,dome(outer),0.5241950154304504
data/part1/dataset_hist_structures/Dataset_test/Dataset_test_original_1478/gargoyle/b14481cc-97a5-4898-9d99-c7784c1dd3eb.jpg,vault,0.5044205784797668
data/part1/dataset_hist_structures/Dataset_test/Dataset_test_original_1478/gargoyle/21999acb-9feb-4576-9e62-35d0af01cb76.jpg,dome(outer),0.3121950030326843
data/part1/dataset_hist_structures/Dataset_test/Dataset_test_original_1478/gargoyle/34238117001_5f678042df_m.jpg,dome(outer),0.7895568609237671
data/part1/dataset_hist_structures/Dataset_test/Dataset_test_original_1478/gargoyle/e7a05bbc-ba78-4ba6-96b8-c81dc01d5a8b.jpg,dome(outer),0.3919380009174347
data/part1/dataset_hist_structures/Dataset_test/Dataset_test_original_1478/gargoyle/d3879077-2d39-4169-b6f3-d5b94285f837.jpg,dome(outer),0.4342091381549835
data/part1/dataset_hist_structures/Dataset_test/Dataset_test_original_1478/gargoyle/33536279934_db2a7cfcd9_n.jpg,vault,0.34049710631370544
data/part1/dataset_hist_structures/Dataset_test/Dataset_test_original_1478/gargoyle/99ccf715-7c17-43f6-9e25-23814cdfbef4.jpg,dome(outer),0.6194164156913757
data/part1/dataset_hist_structures/Dataset_test/Dataset_test_original_1478/gargoyle/444c9a79-4621-470b-ae9a-648768478ce4.jpg,dome(outer),0.4860731065273285
data/part1/dataset_hist_structures/Dataset_test/Dataset_test_original_1478/gargoyle/33303742234_328075f91c_m.jpg,stained_glass,0.4273132085800171
data/part1/dataset_hist_structures/Dataset_test/Dataset_test_original_1478/gargoyle/1a8be474-0342-4b6b-8ff6-b42101036f22.jpg,dome(outer),0.47144100069999695
data/part1/dataset_hist_structures/Dataset_test/Dataset_test_original_1478/gargoyle/6e2dd767-ffea-4d2e-8b9f-e0622bcf6bc3.jpg,dome(outer),0.48708075284957886
data/part1/dataset_hist_structures/Dataset_test/Dataset_test_original_1478/gargoyle/ba2f4753-63aa-4b87-b93b-cce38fb33755.jpg,column,0.2363615334033966
data/part1/dataset_hist_structures/Dataset_test/Dataset_test_original_1478/gargoyle/34081520693_69ab708d55_n.jpg,dome(outer),0.45109108090400696
data/part1/dataset_hist_structures/Dataset_test/Dataset_test_original_1478/gargoyle/8b9f8dc0-d8b7-44df-bf61-f80be8338bb8.jpg,dome(outer),0.30173105001449585
data/part1/dataset_hist_structures/Dataset_test/Dataset_test_original_1478/gargoyle/b0e8d157-fc5e-45b6-bf09-f5be1d5a52f9.jpg,vault,0.4217611253261566
data/part1/dataset_hist_structures/Dataset_test/Dataset_test_original_1478/gargoyle/b2f2c45b-f779-47f4-aa59-5bbd544cbdb7.jpg,dome(outer),0.32412561774253845
data/part1/dataset_hist_structures/Dataset_test/Dataset_test_original_1478/gargoyle/caf45e04-698b-40b5-af13-eb95108cbaf6.jpg,dome(outer),0.32414981722831726
data/part1/dataset_hist_structures/Dataset_test/Dataset_test_original_1478/gargoyle/4e994ac7-2103-4e5c-954a-8194bdcaa20c.jpg,dome(outer),0.7053946256637573
data/part1/dataset_hist_structures/Dataset_test/Dataset_test_original_1478/gargoyle/b17caed0-ffd1-47e9-8211-3d51871b5d21.jpg,dome(outer),0.605079174041748
data/part1/dataset_hist_structures/Dataset_test/Dataset_test_original_1478/gargoyle/348d4b89-7fcf-4f7f-b3c1-e0ae44ca8b5e.jpg,dome(outer),0.5625712275505066
data/part1/dataset_hist_structures/Dataset_test/Dataset_test_original_1478/gargoyle/8fcc9bc4-ed8e-4fe8-b97c-373f6e88f03b.jpg,dome(outer),0.5094009637832642
data/part1/dataset_hist_structures/Dataset_test/Dataset_test_original_1478/gargoyle/32648900235_976f22c4f6_n.jpg,dome(outer),0.4268156886100769
data/part1/dataset_hist_structures/Dataset_test/Dataset_test_original_1478/gargoyle/0bc7708f-0b81-4cc6-a4e7-649b818c89c8.jpg,dome(outer),0.41572117805480957
data/part1/dataset_hist_structures/Dataset_test/Dataset_test_original_1478/gargoyle/35309471973_5950fd8506_n.jpg,dome(outer),0.7014222741127014
data/part1/dataset_hist_structures/Dataset_test/Dataset_test_original_1478/gargoyle/c3b74872-392b-43e7-ac66-798c29811270.jpg,dome(outer),0.7915037870407104
data/part1/dataset_hist_structures/Dataset_test/Dataset_test_original_1478/gargoyle/a53949b2-fc12-4450-a8b6-c106896f6818.jpg,dome(outer),0.3067711293697357
data/part1/dataset_hist_structures/Dataset_test/Dataset_test_original_1478/gargoyle/1bb32768-8cd8-476a-8b40-72f4bfc0c44a.jpg,dome(outer),0.5296947360038757
data/part1/dataset_hist_structures/Dataset_test/Dataset_test_original_1478/gargoyle/369621f8-798f-4b8e-b811-6ef50abd045c.jpg,vault,0.5648856163024902
data/part1/dataset_hist_structures/Dataset_test/Dataset_test_original_1478/gargoyle/35033240856_2ee77682c1_n.jpg,dome(outer),0.7144423723220825
data/part1/dataset_hist_structures/Dataset_test/Dataset_test_original_1478/gargoyle/34146518135_776d9df9d9_n.jpg,dome(outer),0.3126986622810364
data/part1/dataset_hist_structures/Dataset_test/Dataset_test_original_1478/gargoyle/4c63dd71-f965-4711-bb5b-2152600c590f.jpg,gargoyle,0.2725774049758911
data/part1/dataset_hist_structures/Dataset_test/Dataset_test_original_1478/gargoyle/32637589780_4b75a41db2_m.jpg,dome(outer),0.6074339747428894
data/part1/dataset_hist_structures/Dataset_test/Dataset_test_original_1478/gargoyle/d49f247a-b7f2-40ae-9eff-2a4f7ed12227.jpg,dome(outer),0.2755507528781891
data/part1/dataset_hist_structures/Dataset_test/Dataset_test_original_1478/gargoyle/1729dd79-8a78-4a02-9d90-0ee28a2825ae.jpg,dome(outer),0.7551619410514832
data/part1/dataset_hist_structures/Dataset_test/Dataset_test_original_1478/gargoyle/3be8052f-c1d3-44a1-9820-482af1cf58d9.jpg,dome(outer),0.8302282691001892
data/part1/dataset_hist_structures/Dataset_test/Dataset_test_original_1478/gargoyle/d58f24c1-533d-464f-b2de-cc19739d7081.jpg,dome(outer),0.6494497060775757
data/part1/dataset_hist_structures/Dataset_test/Dataset_test_original_1478/gargoyle/c1a0d9ba-5e31-43d5-8df1-e18da903da21.jpg,dome(outer),0.7804606556892395
data/part1/dataset_hist_structures/Dataset_test/Dataset_test_original_1478/gargoyle/fbc0c2f3-af47-41ba-a0f7-1368cc3aeb35.jpg,dome(outer),0.4291181266307831
data/part1/dataset_hist_structures/Dataset_test/Dataset_test_original_1478/gargoyle/c5b3fd2d-0f89-47a7-999d-4e5c7c1c2968.jpg,dome(outer),0.5222212076187134
data/part1/dataset_hist_structures/Dataset_test/Dataset_test_original_1478/gargoyle/ae4c9077-8d46-479e-87c0-a1e4aaa95ecc.jpg,dome(outer),0.2829754948616028
data/part1/dataset_hist_structures/Dataset_test/Dataset_test_original_1478/gargoyle/e1627aaf-86f1-4cde-813a-3caacd051acf.jpg,dome(outer),0.7063165903091431
data/part1/dataset_hist_structures/Dataset_test/Dataset_test_original_1478/gargoyle/36390701511_35b8ceb988_n.jpg,dome(outer),0.5184794068336487
data/part1/dataset_hist_structures/Dataset_test/Dataset_test_original_1478/gargoyle/34519993694_c158504e60_n.jpg,dome(outer),0.5827656388282776
data/part1/dataset_hist_structures/Dataset_test/Dataset_test_original_1478/gargoyle/33378268591_546a3db989_n.jpg,dome(outer),0.3509248197078705
data/part1/dataset_hist_structures/Dataset_test/Dataset_test_original_1478/gargoyle/4a5a3ecc-98ae-4fed-8c54-eb1a0cea5048.jpg,portal,0.2672407627105713
data/part1/dataset_hist_structures/Dataset_test/Dataset_test_original_1478/gargoyle/33359544520_5286b657f5_m.jpg,dome(outer),0.4073529541492462
data/part1/dataset_hist_structures/Dataset_test/Dataset_test_original_1478/gargoyle/f5c20541-50b0-447e-8d3d-21f84918ef7e.jpg,dome(outer),0.25940248370170593
data/part1/dataset_hist_structures/Dataset_test/Dataset_test_original_1478/gargoyle/36303268360_f1e0b4ca2b_n.jpg,dome(outer),0.7187584042549133
data/part1/dataset_hist_structures/Dataset_test/Dataset_test_original_1478/gargoyle/33845023620_4535ed5fc7_n.jpg,vault,0.5805855393409729
data/part1/dataset_hist_structures/Dataset_test/Dataset_test_original_1478/gargoyle/dfa4d52f-efeb-4e19-8320-32f7a3e80345.jpg,dome(outer),0.5896709561347961
data/part1/dataset_hist_structures/Dataset_test/Dataset_test_original_1478/gargoyle/46346ade-98c3-488d-89c9-e6bcc25fed0b.jpg,dome(outer),0.7204829454421997
data/part1/dataset_hist_structures/Dataset_test/Dataset_test_original_1478/gargoyle/35621599556_fda7c2f153_n.jpg,dome(outer),0.5287465453147888
data/part1/dataset_hist_structures/Dataset_test/Dataset_test_original_1478/gargoyle/d9ca84e7-27d4-47b1-b053-5aad5c0779d7.jpg,dome(outer),0.5762410163879395
data/part1/dataset_hist_structures/Dataset_test/Dataset_test_original_1478/gargoyle/45ceec04-f3e5-4005-a40b-e46fcfc879dc.jpg,dome(outer),0.3176022469997406
data/part1/dataset_hist_structures/Dataset_test/Dataset_test_original_1478/gargoyle/43a590b0-12fb-4f77-beb6-5a69dde5905f.jpg,dome(outer),0.744571328163147
data/part1/dataset_hist_structures/Dataset_test/Dataset_test_original_1478/gargoyle/33989087582_c26162624b.jpg,dome(outer),0.2949872612953186
data/part1/dataset_hist_structures/Dataset_test/Dataset_test_original_1478/gargoyle/2e02740c-4c8c-4464-b03b-b7f948868ef4.jpg,dome(outer),0.3260788023471832
data/part1/dataset_hist_structures/Dataset_test/Dataset_test_original_1478/gargoyle/6d142ba5-7b89-4ae4-9429-fe6728b70a89.jpg,dome(outer),0.40628182888031006
data/part1/dataset_hist_structures/Dataset_test/Dataset_test_original_1478/gargoyle/b4d69532-b36e-477d-98fc-58f534656e98.jpg,dome(outer),0.6207705736160278
data/part1/dataset_hist_structures/Dataset_test/Dataset_test_original_1478/gargoyle/7c18e6d2-5ec2-469a-af2b-9f1a4aa08b54.jpg,dome(outer),0.6487321257591248
data/part1/dataset_hist_structures/Dataset_test/Dataset_test_original_1478/gargoyle/540ae186-0c59-4d32-b80f-86152b47a9a7.jpg,dome(outer),0.6855419278144836
data/part1/dataset_hist_structures/Dataset_test/Dataset_test_original_1478/gargoyle/36505318185_b638f98df7_n.jpg,dome(outer),0.41344043612480164
data/part1/dataset_hist_structures/Dataset_test/Dataset_test_original_1478/gargoyle/fd7f313b-2be3-458d-ac9c-652b847a87f2.jpg,dome(outer),0.3660902678966522
data/part1/dataset_hist_structures/Dataset_test/Dataset_test_original_1478/gargoyle/502f1281-7fe7-4655-b820-7346c650dc93.jpg,column,0.2782101035118103
data/part1/dataset_hist_structures/Dataset_test/Dataset_test_original_1478/gargoyle/c8b7bc0a-7f80-4cec-8dae-16abf620137a.jpg,dome(outer),0.6049515604972839
data/part1/dataset_hist_structures/Dataset_test/Dataset_test_original_1478/gargoyle/1ef5fe15-e7bc-4cc2-8acd-d74392d81c0e.jpg,dome(outer),0.48952043056488037
data/part1/dataset_hist_structures/Dataset_test/Dataset_test_original_1478/gargoyle/6116ee8e-66d7-4574-9dfe-5abdb01031ef.jpg,column,0.308304101228714
data/part1/dataset_hist_structures/Dataset_test/Dataset_test_original_1478/gargoyle/34402735762_4d45c7d219.jpg,dome(outer),0.6132508516311646
data/part1/dataset_hist_structures/Dataset_test/Dataset_test_original_1478/gargoyle/800232a1-6761-4a70-8032-1f113a110d98.jpg,dome(outer),0.6618779897689819
data/part1/dataset_hist_structures/Dataset_test/Dataset_test_original_1478/gargoyle/41044306-7fa4-4d1e-a78d-91171573c87c.jpg,dome(outer),0.8057287335395813
data/part1/dataset_hist_structures/Dataset_test/Dataset_test_original_1478/gargoyle/e4467136-db1e-46aa-ac08-e54156bb8d7a.jpg,dome(outer),0.49671974778175354
data/part1/dataset_hist_structures/Dataset_test/Dataset_test_original_1478/gargoyle/36117769645_17f3698627.jpg,dome(outer),0.8342407941818237
data/part1/dataset_hist_structures/Dataset_test/Dataset_test_original_1478/gargoyle/33112531120_96c32bc26e_n.jpg,dome(outer),0.5864662528038025
data/part1/dataset_hist_structures/Dataset_test/Dataset_test_original_1478/gargoyle/35146908044_b6cbdec322_m.jpg,vault,0.3874131739139557
data/part1/dataset_hist_structures/Dataset_test/Dataset_test_original_1478/gargoyle/35693391734_6813790f69_m.jpg,dome(outer),0.6176197528839111
data/part1/dataset_hist_structures/Dataset_test/Dataset_test_original_1478/gargoyle/ac6cbe9f-e1e2-41ce-a9b1-3bdf4fcdaf16.jpg,dome(outer),0.3679417371749878
data/part1/dataset_hist_structures/Dataset_test/Dataset_test_original_1478/gargoyle/474213c6-05a3-4815-abc1-9faadb19449a.jpg,vault,0.35897934436798096
data/part1/dataset_hist_structures/Dataset_test/Dataset_test_original_1478/gargoyle/bc3d5f5f-2cfc-450b-94b9-e02bc7a7bf09.jpg,dome(outer),0.37578991055488586
data/part1/dataset_hist_structures/Dataset_test/Dataset_test_original_1478/gargoyle/35793951776_b40d779ea5_m.jpg,dome(outer),0.3765306770801544
data/part1/dataset_hist_structures/Dataset_test/Dataset_test_original_1478/gargoyle/894fe8dc-24c9-4cc5-9b8c-a71c8e57e6fb.jpg,dome(outer),0.5633352398872375
data/part1/dataset_hist_structures/Dataset_test/Dataset_test_original_1478/gargoyle/207a8baa-91f9-4482-a9ae-397a9e78792b.jpg,dome(outer),0.731608510017395
data/part1/dataset_hist_structures/Dataset_test/Dataset_test_original_1478/gargoyle/9f71919b-00f9-4dd4-baa3-22ed22dede3b.jpg,dome(outer),0.6139749884605408
data/part1/dataset_hist_structures/Dataset_test/Dataset_test_original_1478/gargoyle/c612d35b-4027-4a98-93b4-7dccde14f3ab.jpg,dome(outer),0.5805410146713257
data/part1/dataset_hist_structures/Dataset_test/Dataset_test_original_1478/gargoyle/457337ed-471a-4433-8d6a-2b042302cd2f.jpg,vault,0.2158990055322647
data/part1/dataset_hist_structures/Dataset_test/Dataset_test_original_1478/gargoyle/63b48ddf-9e75-464e-8795-8db780ab2c51.jpg,dome(outer),0.44635090231895447
data/part1/dataset_hist_structures/Dataset_test/Dataset_test_original_1478/gargoyle/60513ebe-2fb5-4331-ab38-c6ae2691d618.jpg,dome(outer),0.6391650438308716
data/part1/dataset_hist_structures/Dataset_test/Dataset_test_original_1478/gargoyle/7492842b-f787-4cde-bc64-889b19b7a5a8.jpg,dome(outer),0.22860024869441986
data/part1/dataset_hist_structures/Dataset_test/Dataset_test_original_1478/gargoyle/e88a6bb6-d305-480b-ac87-e3b094fe6097.jpg,dome(outer),0.6326931715011597
data/part1/dataset_hist_structures/Dataset_test/Dataset_test_original_1478/gargoyle/e96b39fa-38bb-40a5-befc-039868a7d788.jpg,dome(outer),0.5381486415863037
data/part1/dataset_hist_structures/Dataset_test/Dataset_test_original_1478/gargoyle/35690547305_a2947885fa_m.jpg,dome(outer),0.20215076208114624
data/part1/dataset_hist_structures/Dataset_test/Dataset_test_original_1478/gargoyle/cd64578b-2288-4ba8-8e40-7ae207eb842a.jpg,dome(outer),0.5712143182754517
data/part1/dataset_hist_structures/Dataset_test/Dataset_test_original_1478/gargoyle/55479f58-999c-48b6-aa42-a4bead88971a.jpg,dome(outer),0.7849215865135193
data/part1/dataset_hist_structures/Dataset_test/Dataset_test_original_1478/gargoyle/eaaf8a05-e636-4f0f-bcbc-9cffba124be4.jpg,dome(outer),0.6190369725227356
data/part1/dataset_hist_structures/Dataset_test/Dataset_test_original_1478/gargoyle/71595fa8-b080-4c9e-87cd-059127a5249f.jpg,dome(outer),0.45495811104774475
data/part1/dataset_hist_structures/Dataset_test/Dataset_test_original_1478/gargoyle/7d4a5bd2-4847-454d-8fa7-c34f732c2544.jpg,dome(outer),0.9050335884094238
data/part1/dataset_hist_structures/Dataset_test/Dataset_test_original_1478/gargoyle/34357768772_6c4dffa484_n.jpg,dome(outer),0.7450745701789856
data/part1/dataset_hist_structures/Dataset_test/Dataset_test_original_1478/gargoyle/31f27479-7292-4be9-b5d7-384518098563.jpg,column,0.4047127664089203
data/part1/dataset_hist_structures/Dataset_test/Dataset_test_original_1478/gargoyle/8acffce4-9ddd-44d2-b2cb-fcf52add4b1b.jpg,dome(outer),0.32602161169052124
data/part1/dataset_hist_structures/Dataset_test/Dataset_test_original_1478/gargoyle/38942f25-45b2-4b24-8c9b-4a75e99e5fc8.jpg,dome(outer),0.8206589221954346
data/part1/dataset_hist_structures/Dataset_test/Dataset_test_original_1478/gargoyle/156f165a-6ec2-4b5e-bade-192910fe8eeb.jpg,dome(outer),0.40308868885040283
data/part1/dataset_hist_structures/Dataset_test/Dataset_test_original_1478/gargoyle/fb09d853-760c-4dc3-8227-0a355bba8fc0.jpg,dome(outer),0.5126784443855286
data/part1/dataset_hist_structures/Dataset_test/Dataset_test_original_1478/gargoyle/34119117035_2b0a0fcfc3_n.jpg,dome(outer),0.451930433511734
data/part1/dataset_hist_structures/Dataset_test/Dataset_test_original_1478/gargoyle/09dd83b8-564b-4d0a-adc0-4fa16d7c1d0c.jpg,dome(outer),0.5002394914627075
data/part1/dataset_hist_structures/Dataset_test/Dataset_test_original_1478/gargoyle/69eb87d5-5ba1-4922-b5c9-f8e74e5a9bfa.jpg,dome(outer),0.3676091432571411
data/part1/dataset_hist_structures/Dataset_test/Dataset_test_original_1478/gargoyle/9500c881-ae07-4937-a21e-2633852b1c3b.jpg,vault,0.3354741036891937
data/part1/dataset_hist_structures/Dataset_test/Dataset_test_original_1478/gargoyle/2dbdecad-5bd3-4c2b-8e13-e0a41558abf0.jpg,vault,0.5760102868080139
data/part1/dataset_hist_structures/Dataset_test/Dataset_test_original_1478/gargoyle/9a06ba37-889e-4cb5-96b1-ad8a135c02e9.jpg,dome(outer),0.446084201335907
data/part1/dataset_hist_structures/Dataset_test/Dataset_test_original_1478/gargoyle/d161cba5-c1d5-4e13-9ac0-6c2dba116849.jpg,dome(outer),0.4740481972694397
data/part1/dataset_hist_structures/Dataset_test/Dataset_test_original_1478/gargoyle/9dfd244c-333f-40af-9da3-68be4154adf3.jpg,dome(outer),0.6502597332000732
data/part1/dataset_hist_structures/Dataset_test/Dataset_test_original_1478/gargoyle/32663256284_db5141bb6e_m.jpg,dome(outer),0.5219399333000183
data/part1/dataset_hist_structures/Dataset_test/Dataset_test_original_1478/gargoyle/36296757670_15a1844cc6_m.jpg,dome(outer),0.39450013637542725
data/part1/dataset_hist_structures/Dataset_test/Dataset_test_original_1478/gargoyle/33451854242_e136058b5f_m.jpg,dome(outer),0.4053073525428772
data/part1/dataset_hist_structures/Dataset_test/Dataset_test_original_1478/gargoyle/35422332783_7209d2e052_n.jpg,dome(outer),0.4926971197128296
data/part1/dataset_hist_structures/Dataset_test/Dataset_test_original_1478/gargoyle/33567908516_cfe1eb8522_m.jpg,vault,0.4258210062980652
data/part1/dataset_hist_structures/Dataset_test/Dataset_test_original_1478/gargoyle/0007d10e-d56f-4a16-b171-87f227b25077.jpg,dome(outer),0.6855382919311523
data/part1/dataset_hist_structures/Dataset_test/Dataset_test_original_1478/gargoyle/36458977516_0a71a70194_n.jpg,dome(outer),0.28305545449256897
data/part1/dataset_hist_structures/Dataset_test/Dataset_test_original_1478/gargoyle/707938c9-7659-4a6c-91d2-d3c384e34f32.jpg,dome(outer),0.5108435153961182
data/part1/dataset_hist_structures/Dataset_test/Dataset_test_original_1478/gargoyle/ac6bfb55-6afc-481f-85a8-56ff62883b42.jpg,dome(outer),0.5058810114860535
data/part1/dataset_hist_structures/Dataset_test/Dataset_test_original_1478/gargoyle/2846c0f4-cbf1-49ef-b450-47e7d33bd5f7.jpg,dome(outer),0.31206658482551575
data/part1/dataset_hist_structures/Dataset_test/Dataset_test_original_1478/gargoyle/b70cf260-a1ba-4af3-82d3-f39b55d835a5.jpg,dome(outer),0.5699374079704285
data/part1/dataset_hist_structures/Dataset_test/Dataset_test_original_1478/gargoyle/b99a16f4-e198-4436-87b1-0dcc073b501b.jpg,dome(outer),0.565260648727417
data/part1/dataset_hist_structures/Dataset_test/Dataset_test_original_1478/gargoyle/32589152043_d1eb43a9ee.jpg,dome(outer),0.22633561491966248
data/part1/dataset_hist_structures/Dataset_test/Dataset_test_original_1478/gargoyle/3e830183-0e7c-4128-91fa-de7b0ab6e1a2.jpg,dome(outer),0.253240168094635
data/part1/dataset_hist_structures/Dataset_test/Dataset_test_original_1478/gargoyle/36613395882_016a2b8dab_n.jpg,vault,0.4162103831768036
data/part1/dataset_hist_structures/Dataset_test/Dataset_test_original_1478/gargoyle/3d196c3c-ded6-4677-b528-7ea68a241d7a.jpg,dome(outer),0.4580339193344116
data/part1/dataset_hist_structures/Dataset_test/Dataset_test_original_1478/gargoyle/e8f2f644-4cf1-46ed-b538-7a3f9bd1608b.jpg,dome(outer),0.6427797079086304
data/part1/dataset_hist_structures/Dataset_test/Dataset_test_original_1478/gargoyle/e5433f00-5b5c-4d0f-b913-c11ea4096521.jpg,dome(outer),0.38916951417922974
data/part1/dataset_hist_structures/Dataset_test/Dataset_test_original_1478/gargoyle/4e9a55dc-c0ee-4ffd-b688-a12b0bb9260c.jpg,dome(outer),0.31638574600219727
data/part1/dataset_hist_structures/Dataset_test/Dataset_test_original_1478/gargoyle/b9393ffa-b022-432b-bb22-34f4fa9d5437.jpg,dome(outer),0.38190484046936035
data/part1/dataset_hist_structures/Dataset_test/Dataset_test_original_1478/gargoyle/68eb064c-582e-4eb6-b20c-beee15339fae.jpg,dome(outer),0.2651788294315338
data/part1/dataset_hist_structures/Dataset_test/Dataset_test_original_1478/gargoyle/49399caf-c8d9-4cf0-a359-f148abdee3a2.jpg,dome(outer),0.6570610404014587
data/part1/dataset_hist_structures/Dataset_test/Dataset_test_original_1478/gargoyle/34081516393_c0e20e5b21_m.jpg,dome(outer),0.4970325231552124
data/part1/dataset_hist_structures/Dataset_test/Dataset_test_original_1478/gargoyle/354b94e6-6477-4a3f-92fe-364ead4a9df5.jpg,dome(outer),0.34260958433151245
data/part1/dataset_hist_structures/Dataset_test/Dataset_test_original_1478/gargoyle/b60f94ed-7dec-4084-92b1-35c68e5bb7e9.jpg,dome(outer),0.33311668038368225
data/part1/dataset_hist_structures/Dataset_test/Dataset_test_original_1478/gargoyle/33465747576_ccdfa20327_m.jpg,dome(outer),0.6343903541564941
data/part1/dataset_hist_structures/Dataset_test/Dataset_test_original_1478/gargoyle/067aee46-2763-4de4-9903-ae63bc94bace.jpg,dome(outer),0.19758260250091553
data/part1/dataset_hist_structures/Dataset_test/Dataset_test_original_1478/gargoyle/4cb44343-41d1-46da-a4b3-4602f88ee324.jpg,dome(outer),0.3043813109397888
data/part1/dataset_hist_structures/Dataset_test/Dataset_test_original_1478/gargoyle/43e1e84f-c80b-45c2-947a-772d08bbf4d2.jpg,vault,0.5286723375320435
data/part1/dataset_hist_structures/Dataset_test/Dataset_test_original_1478/gargoyle/3809ba34-7b7c-4586-aa60-a6ccdacba807.jpg,stained_glass,0.2988417446613312
data/part1/dataset_hist_structures/Dataset_test/Dataset_test_original_1478/gargoyle/0bd04d70-3c34-4cdd-b86c-8721fd171611.jpg,dome(outer),0.48127245903015137
data/part1/dataset_hist_structures/Dataset_test/Dataset_test_original_1478/gargoyle/33623525173_2e411c4a92_n.jpg,dome(outer),0.5612284541130066
data/part1/dataset_hist_structures/Dataset_test/Dataset_test_original_1478/gargoyle/e2bca418-9a6e-4ff6-9bfe-4558431b6bbd.jpg,dome(outer),0.40946775674819946
data/part1/dataset_hist_structures/Dataset_test/Dataset_test_original_1478/gargoyle/31870084054_759ac2c448_n.jpg,dome(outer),0.6305490136146545
data/part1/dataset_hist_structures/Dataset_test/Dataset_test_original_1478/gargoyle/d2cf3aea-20bb-46f3-a0f9-537f52d03495.jpg,vault,0.46535786986351013
data/part1/dataset_hist_structures/Dataset_test/Dataset_test_original_1478/gargoyle/777e1f5f-08ca-44f4-8e2b-e12d0104a130.jpg,dome(outer),0.4662504196166992
data/part1/dataset_hist_structures/Dataset_test/Dataset_test_original_1478/gargoyle/3d77810e-c00a-4dd9-a9b9-7390c751439c.jpg,dome(outer),0.49737927317619324
data/part1/dataset_hist_structures/Dataset_test/Dataset_test_original_1478/gargoyle/251f36a8-1115-4bc2-82e2-641729c1a364.jpg,dome(outer),0.5609142780303955
data/part1/dataset_hist_structures/Dataset_test/Dataset_test_original_1478/gargoyle/7dddb943-0d12-4a95-b5bd-28929b816272.jpg,vault,0.4039135277271271
data/part1/dataset_hist_structures/Dataset_test/Dataset_test_original_1478/gargoyle/32516521303_725b348736_n.jpg,dome(outer),0.6921938061714172
data/part1/dataset_hist_structures/Dataset_test/Dataset_test_original_1478/gargoyle/32516521743_694afb7b38_n.jpg,dome(outer),0.5320659279823303
data/part1/dataset_hist_structures/Dataset_test/Dataset_test_original_1478/gargoyle/bb2a19ea-b587-41a3-b17d-d0c7980450b3.jpg,dome(outer),0.6280934810638428
data/part1/dataset_hist_structures/Dataset_test/Dataset_test_original_1478/flying_buttress/stock-photo-109338413.jpg,dome(outer),0.6508335471153259
data/part1/dataset_hist_structures/Dataset_test/Dataset_test_original_1478/flying_buttress/images (44).jpg,dome(outer),0.3149816691875458
data/part1/dataset_hist_structures/Dataset_test/Dataset_test_original_1478/flying_buttress/descarga (7).jpg,flying_buttress,0.2518775165081024
data/part1/dataset_hist_structures/Dataset_test/Dataset_test_original_1478/flying_buttress/images (48).jpg,dome(outer),0.49454835057258606
data/part1/dataset_hist_structures/Dataset_test/Dataset_test_original_1478/flying_buttress/stock-photo-151557521.jpg,dome(outer),0.25831568241119385
data/part1/dataset_hist_structures/Dataset_test/Dataset_test_original_1478/flying_buttress/10503549606_8e69e626cf_m.jpg,dome(outer),0.4007779657840729
data/part1/dataset_hist_structures/Dataset_test/Dataset_test_original_1478/flying_buttress/images (24).jpg,gargoyle,0.2209930717945099
data/part1/dataset_hist_structures/Dataset_test/Dataset_test_original_1478/flying_buttress/16194833445_6006332e75_n.jpg,dome(outer),0.7519228458404541
data/part1/dataset_hist_structures/Dataset_test/Dataset_test_original_1478/flying_buttress/stock-photo-173571893.jpg,portal,0.17691785097122192
data/part1/dataset_hist_structures/Dataset_test/Dataset_test_original_1478/flying_buttress/images (28).jpg,flying_buttress,0.2981598973274231
data/part1/dataset_hist_structures/Dataset_test/Dataset_test_original_1478/flying_buttress/stock-photo-6553940.jpg,dome(inner),0.2115020602941513
data/part1/dataset_hist_structures/Dataset_test/Dataset_test_original_1478/flying_buttress/descarga (11).jpg,dome(outer),0.4038168489933014
data/part1/dataset_hist_structures/Dataset_test/Dataset_test_original_1478/flying_buttress/images (86).jpg,dome(outer),0.24744683504104614
data/part1/dataset_hist_structures/Dataset_test/Dataset_test_original_1478/flying_buttress/descarga (6).jpg,dome(outer),0.3081824481487274
data/part1/dataset_hist_structures/Dataset_test/Dataset_test_original_1478/flying_buttress/images (12).jpg,flying_buttress,0.21167238056659698
data/part1/dataset_hist_structures/Dataset_test/Dataset_test_original_1478/flying_buttress/images (45).jpg,dome(outer),0.3016783595085144
data/part1/dataset_hist_structures/Dataset_test/Dataset_test_original_1478/flying_buttress/14971281339_aab2a680ee_m.jpg,dome(outer),0.40076547861099243
data/part1/dataset_hist_structures/Dataset_test/Dataset_test_original_1478/flying_buttress/29819132071_ca7bd1c7eb_m.jpg,dome(outer),0.3962813913822174
data/part1/dataset_hist_structures/Dataset_test/Dataset_test_original_1478/flying_buttress/59d38d86-f1ca-44fd-aca0-7dfc963af82b.jpg,vault,0.22433850169181824
data/part1/dataset_hist_structures/Dataset_test/Dataset_test_original_1478/flying_buttress/96188c59-7cbf-4a94-bbfb-474a587d278e.jpg,vault,0.34998732805252075
data/part1/dataset_hist_structures/Dataset_test/Dataset_test_original_1478/flying_buttress/images (19).jpg,dome(outer),0.4226539731025696
data/part1/dataset_hist_structures/Dataset_test/Dataset_test_original_1478/flying_buttress/images (62).jpg,dome(outer),0.31764698028564453
data/part1/dataset_hist_structures/Dataset_test/Dataset_test_original_1478/flying_buttress/stock-photo-90798833.jpg,dome(outer),0.538078784942627
data/part1/dataset_hist_structures/Dataset_test/Dataset_test_original_1478/flying_buttress/descarga (1).jpg,dome(outer),0.2302858978509903
data/part1/dataset_hist_structures/Dataset_test/Dataset_test_original_1478/flying_buttress/stock-photo-181524385.jpg,bell_tower,0.26295945048332214
data/part1/dataset_hist_structures/Dataset_test/Dataset_test_original_1478/flying_buttress/images (14).jpg,flying_buttress,0.3280332386493683
data/part1/dataset_hist_structures/Dataset_test/Dataset_test_original_1478/flying_buttress/stock-photo-103123507.jpg,dome(outer),0.42744818329811096
data/part1/dataset_hist_structures/Dataset_test/Dataset_test_original_1478/flying_buttress/images (22).jpg,dome(outer),0.2673934996128082
data/part1/dataset_hist_structures/Dataset_test/Dataset_test_original_1478/flying_buttress/images (63).jpg,dome(outer),0.2194935530424118
data/part1/dataset_hist_structures/Dataset_test/Dataset_test_original_1478/flying_buttress/stock-photo-202296303.jpg,dome(outer),0.4361584186553955
data/part1/dataset_hist_structures/Dataset_test/Dataset_test_original_1478/flying_buttress/22065069474_5508b42695_n.jpg,dome(outer),0.680122435092926
data/part1/dataset_hist_structures/Dataset_test/Dataset_test_original_1478/flying_buttress/41668d14-9d49-4220-adca-026c6fb1df20.jpg,dome(outer),0.735678493976593
data/part1/dataset_hist_structures/Dataset_test/Dataset_test_original_1478/flying_buttress/9418611420_c38b60f14c_m.jpg,dome(outer),0.45796453952789307
data/part1/dataset_hist_structures/Dataset_test/Dataset_test_original_1478/flying_buttress/images (21).jpg,dome(outer),0.608717679977417
data/part1/dataset_hist_structures/Dataset_test/Dataset_test_original_1478/flying_buttress/26216810335_b998b2030d_m.jpg,dome(outer),0.28374603390693665
data/part1/dataset_hist_structures/Dataset_test/Dataset_test_original_1478/flying_buttress/images (60).jpg,dome(outer),0.5157714486122131
data/part1/dataset_hist_structures/Dataset_test/Dataset_test_original_1478/flying_buttress/22661828356_4af098b5d1_m.jpg,dome(outer),0.2734079658985138
data/part1/dataset_hist_structures/Dataset_test/Dataset_test_original_1478/flying_buttress/10533199613_33185b0135_m.jpg,dome(outer),0.2382044792175293
data/part1/dataset_hist_structures/Dataset_test/Dataset_test_original_1478/flying_buttress/images (9).jpg,dome(outer),0.2727166414260864
data/part1/dataset_hist_structures/Dataset_test/Dataset_test_original_1478/flying_buttress/4a81652c-8702-4687-bc84-985d3fd0d989.jpg,dome(outer),0.29727715253829956
data/part1/dataset_hist_structures/Dataset_test/Dataset_test_original_1478/flying_buttress/3cd6d033-2292-4a73-ad9a-07a198a83a10.jpg,dome(outer),0.7840656638145447
data/part1/dataset_hist_structures/Dataset_test/Dataset_test_original_1478/flying_buttress/stock-photo-109338255.jpg,dome(outer),0.3160790801048279
data/part1/dataset_hist_structures/Dataset_test/Dataset_test_original_1478/flying_buttress/images (17).jpg,vault,0.28033068776130676
data/part1/dataset_hist_structures/Dataset_test/Dataset_test_original_1478/flying_buttress/images (40).jpg,dome(outer),0.258548378944397
data/part1/dataset_hist_structures/Dataset_test/Dataset_test_original_1478/flying_buttress/8383193534_5dd40ffa09_n.jpg,dome(outer),0.41250067949295044
data/part1/dataset_hist_structures/Dataset_test/Dataset_test_original_1478/flying_buttress/images (56).jpg,flying_buttress,0.2653667628765106
data/part1/dataset_hist_structures/Dataset_test/Dataset_test_original_1478/flying_buttress/8638861057_a71cf57eba_m.jpg,dome(outer),0.4793429970741272
data/part1/dataset_hist_structures/Dataset_test/Dataset_test_original_1478/flying_buttress/images (57).jpg,dome(outer),0.5382278561592102
data/part1/dataset_hist_structures/Dataset_test/Dataset_test_original_1478/flying_buttress/images (41).jpg,dome(outer),0.27097824215888977
data/part1/dataset_hist_structures/Dataset_test/Dataset_test_original_1478/flying_buttress/stock-photo-205369637.jpg,dome(outer),0.44786256551742554
data/part1/dataset_hist_structures/Dataset_test/Dataset_test_original_1478/flying_buttress/be5ea133-9829-48fc-8a72-b35705fac76a.jpg,dome(outer),0.48123249411582947
data/part1/dataset_hist_structures/Dataset_test/Dataset_test_original_1478/flying_buttress/25614147283_c367f41306_m.jpg,dome(outer),0.2835164964199066
data/part1/dataset_hist_structures/Dataset_test/Dataset_test_original_1478/flying_buttress/images (82).jpg,dome(outer),0.316893070936203
data/part1/dataset_hist_structures/Dataset_test/Dataset_test_original_1478/flying_buttress/9290663918_1ec8f65897_n.jpg,dome(outer),0.5019611716270447
data/part1/dataset_hist_structures/Dataset_test/Dataset_test_original_1478/flying_buttress/images (8).jpg,dome(outer),0.280650794506073
data/part1/dataset_hist_structures/Dataset_test/Dataset_test_original_1478/flying_buttress/stock-photo-109338285.jpg,dome(outer),0.6060474514961243
data/part1/dataset_hist_structures/Dataset_test/Dataset_test_original_1478/flying_buttress/9b576068-94a4-4835-8911-8ea2d4097d47.jpg,dome(outer),0.3950798511505127
data/part1/dataset_hist_structures/Dataset_test/Dataset_test_original_1478/flying_buttress/64a71389-e549-4304-b1e8-a93116487391.jpg,dome(outer),0.19120453298091888
data/part1/dataset_hist_structures/Dataset_test/Dataset_test_original_1478/flying_buttress/9418599838_963f043239_m.jpg,dome(outer),0.8822824358940125
data/part1/dataset_hist_structures/Dataset_test/Dataset_test_original_1478/flying_buttress/images (20).jpg,dome(outer),0.29527315497398376
data/part1/dataset_hist_structures/Dataset_test/Dataset_test_original_1478/flying_buttress/23823769843_0b20578d8a_m.jpg,bell_tower,0.2281927615404129
data/part1/dataset_hist_structures/Dataset_test/Dataset_test_original_1478/flying_buttress/descarga (12).jpg,dome(outer),0.34943780303001404
data/part1/dataset_hist_structures/Dataset_test/Dataset_test_original_1478/flying_buttress/descarga (5).jpg,dome(outer),0.6137146949768066
data/part1/dataset_hist_structures/Dataset_test/Dataset_test_original_1478/flying_buttress/images (3).jpg,dome(outer),0.3371431529521942
data/part1/dataset_hist_structures/Dataset_test/Dataset_test_original_1478/flying_buttress/21406950529_2339f927d7_n.jpg,dome(outer),0.7919738292694092
data/part1/dataset_hist_structures/Dataset_test/Dataset_test_original_1478/flying_buttress/stock-photo-676770.jpg,dome(outer),0.5828854441642761
data/part1/dataset_hist_structures/Dataset_test/Dataset_test_original_1478/flying_buttress/descarga (9).jpg,dome(outer),0.6200479865074158
data/part1/dataset_hist_structures/Dataset_test/Dataset_test_original_1478/flying_buttress/8677308620_0d34ea7bd3_n.jpg,dome(outer),0.37698978185653687
data/part1/dataset_hist_structures/Dataset_test/Dataset_test_original_1478/flying_buttress/8089350698_a58a60f536_m.jpg,dome(outer),0.6946058869361877
data/part1/dataset_hist_structures/Dataset_test/Dataset_test_original_1478/flying_buttress/10392927973_7ba208af5f_n.jpg,dome(outer),0.6820933818817139
data/part1/dataset_hist_structures/Dataset_test/Dataset_test_original_1478/flying_buttress/stock-photo-4630543.jpg,dome(outer),0.37340882420539856
data/part1/dataset_hist_structures/Dataset_test/Dataset_test_original_1478/flying_buttress/images (67).jpg,dome(outer),0.5615497827529907
data/part1/dataset_hist_structures/Dataset_test/Dataset_test_original_1478/flying_buttress/21493188288_abc42d5dd0_n.jpg,dome(outer),0.4056537449359894
data/part1/dataset_hist_structures/Dataset_test/Dataset_test_original_1478/flying_buttress/132bdcc5-53ce-4bbc-9fdd-b5c548e3da65.jpg,dome(outer),0.49198731780052185
data/part1/dataset_hist_structures/Dataset_test/Dataset_test_original_1478/flying_buttress/stock-photo-135770403.jpg,dome(outer),0.24444103240966797
data/part1/dataset_hist_structures/Dataset_test/Dataset_test_original_1478/flying_buttress/images (47).jpg,dome(outer),0.668644905090332
data/part1/dataset_hist_structures/Dataset_test/Dataset_test_original_1478/flying_buttress/descarga (4).jpg,dome(outer),0.3322518765926361
data/part1/dataset_hist_structures/Dataset_test/Dataset_test_original_1478/flying_buttress/images (84).jpg,dome(outer),0.2615795135498047
data/part1/dataset_hist_structures/Dataset_test/Dataset_test_original_1478/dome(inner)/images (1).jpg,vault,0.3772616982460022
data/part1/dataset_hist_structures/Dataset_test/Dataset_test_original_1478/dome(inner)/images (13).jpg,dome(outer),0.22876212000846863
data/part1/dataset_hist_structures/Dataset_test/Dataset_test_original_1478/dome(inner)/36522417642_84c235c353_m.jpg,dome(outer),0.2905069589614868
data/part1/dataset_hist_structures/Dataset_test/Dataset_test_original_1478/dome(inner)/36046374970_3130e7da4a_m.jpg,portal,0.39391735196113586
data/part1/dataset_hist_structures/Dataset_test/Dataset_test_original_1478/dome(inner)/35955862201_260cb807b3.jpg,stained_glass,0.3122371435165405
data/part1/dataset_hist_structures/Dataset_test/Dataset_test_original_1478/dome(inner)/images (33).jpg,dome(outer),0.3559269905090332
data/part1/dataset_hist_structures/Dataset_test/Dataset_test_original_1478/dome(inner)/36412379281_0b85042e9c_n.jpg,dome(outer),0.2970277667045593
data/part1/dataset_hist_structures/Dataset_test/Dataset_test_original_1478/dome(inner)/1a4d0808-9691-49ce-9bdd-d0dc3de1fa82.jpg,dome(outer),0.2558882236480713
data/part1/dataset_hist_structures/Dataset_test/Dataset_test_original_1478/dome(inner)/images (90).jpg,dome(outer),0.2817489504814148
data/part1/dataset_hist_structures/Dataset_test/Dataset_test_original_1478/dome(inner)/c925121f-17da-4902-897e-8a1fc94d881c.jpg,portal,0.313726007938385
data/part1/dataset_hist_structures/Dataset_test/Dataset_test_original_1478/dome(inner)/36358225836_f085a48d67_m.jpg,dome(outer),0.3368862271308899
data/part1/dataset_hist_structures/Dataset_test/Dataset_test_original_1478/dome(inner)/images (12).jpg,column,0.26988303661346436
data/part1/dataset_hist_structures/Dataset_test/Dataset_test_original_1478/dome(inner)/36691702265_8dbc670017_n.jpg,portal,0.30820682644844055
data/part1/dataset_hist_structures/Dataset_test/Dataset_test_original_1478/dome(inner)/36296552770_ecf99c37a0_n.jpg,vault,0.2978695034980774
data/part1/dataset_hist_structures/Dataset_test/Dataset_test_original_1478/dome(inner)/eb432c08-c383-4a21-a49a-d24c30b001b3.jpg,dome(outer),0.25437796115875244
data/part1/dataset_hist_structures/Dataset_test/Dataset_test_original_1478/dome(inner)/images (19).jpg,vault,0.3402178883552551
data/part1/dataset_hist_structures/Dataset_test/Dataset_test_original_1478/dome(inner)/153b9f13-6005-40e6-8761-2bab565b76c5.jpg,vault,0.3577743470668793
data/part1/dataset_hist_structures/Dataset_test/Dataset_test_original_1478/dome(inner)/images (23).jpg,portal,0.37480419874191284
data/part1/dataset_hist_structures/Dataset_test/Dataset_test_original_1478/dome(inner)/images (7).jpg,dome(outer),0.3814068138599396
data/part1/dataset_hist_structures/Dataset_test/Dataset_test_original_1478/dome(inner)/35854501743_4171c90741_n.jpg,dome(outer),0.22310835123062134
data/part1/dataset_hist_structures/Dataset_test/Dataset_test_original_1478/dome(inner)/images (15).jpg,dome(outer),0.2565762996673584
data/part1/dataset_hist_structures/Dataset_test/Dataset_test_original_1478/dome(inner)/8ee31ba6-b0c0-4e0a-ad74-c4d1283b0995.jpg,dome(outer),0.2271428257226944
data/part1/dataset_hist_structures/Dataset_test/Dataset_test_original_1478/dome(inner)/stock-photo-36820874.jpg,dome(outer),0.3142862021923065
data/part1/dataset_hist_structures/Dataset_test/Dataset_test_original_1478/dome(inner)/stock-photo-14607993.jpg,dome(outer),0.3026423156261444
data/part1/dataset_hist_structures/Dataset_test/Dataset_test_original_1478/dome(inner)/images (14).jpg,dome(outer),0.2738036811351776
data/part1/dataset_hist_structures/Dataset_test/Dataset_test_original_1478/dome(inner)/36522426432_5c3563df3a_n.jpg,vault,0.2521093785762787
data/part1/dataset_hist_structures/Dataset_test/Dataset_test_original_1478/dome(inner)/images (6).jpg,portal,0.28557321429252625
data/part1/dataset_hist_structures/Dataset_test/Dataset_test_original_1478/dome(inner)/205c57ce-40b1-4991-80e3-50a9f3b2c501.jpg,vault,0.3402178883552551
data/part1/dataset_hist_structures/Dataset_test/Dataset_test_original_1478/dome(inner)/images (22).jpg,dome(outer),0.3997477889060974
data/part1/dataset_hist_structures/Dataset_test/Dataset_test_original_1478/dome(inner)/c6ac51ef-2953-4abf-9d09-38117d0be46c.jpg,dome(outer),0.30691099166870117
data/part1/dataset_hist_structures/Dataset_test/Dataset_test_original_1478/dome(inner)/images (18).jpg,portal,0.3078165054321289
data/part1/dataset_hist_structures/Dataset_test/Dataset_test_original_1478/dome(inner)/36598655295_afc185565c_n.jpg,portal,0.34927964210510254
data/part1/dataset_hist_structures/Dataset_test/Dataset_test_original_1478/dome(inner)/images (59).jpg,dome(outer),0.32445210218429565
data/part1/dataset_hist_structures/Dataset_test/Dataset_test_original_1478/dome(inner)/4fe604f9-45f3-4e6e-9ee7-0b42dc9a08fe.jpg,dome(outer),0.22876212000846863
data/part1/dataset_hist_structures/Dataset_test/Dataset_test_original_1478/dome(inner)/36527693855_0742b4ee14_m.jpg,dome(outer),0.3746553957462311
data/part1/dataset_hist_structures/Dataset_test/Dataset_test_original_1478/dome(inner)/images (21).jpg,portal,0.3401942551136017
data/part1/dataset_hist_structures/Dataset_test/Dataset_test_original_1478/dome(inner)/35683641554_647eec9c43_n.jpg,dome(outer),0.39489075541496277
data/part1/dataset_hist_structures/Dataset_test/Dataset_test_original_1478/dome(inner)/36434831392_cda94b6783_m.jpg,gargoyle,0.2662794589996338
data/part1/dataset_hist_structures/Dataset_test/Dataset_test_original_1478/dome(inner)/images (9).jpg,dome(outer),0.40066200494766235
data/part1/dataset_hist_structures/Dataset_test/Dataset_test_original_1478/dome(inner)/c170fb71-c24f-415b-b684-d7d730aaa749.jpg,dome(outer),0.2738036811351776
data/part1/dataset_hist_structures/Dataset_test/Dataset_test_original_1478/dome(inner)/36269825746_e0fc2e0615_n.jpg,stained_glass,0.346004843711853
data/part1/dataset_hist_structures/Dataset_test/Dataset_test_original_1478/dome(inner)/36648673732_c735a247a7_n.jpg,dome(outer),0.2861631512641907
data/part1/dataset_hist_structures/Dataset_test/Dataset_test_original_1478/dome(inner)/36531165422_8e51e2621a_n.jpg,portal,0.3378990590572357
data/part1/dataset_hist_structures/Dataset_test/Dataset_test_original_1478/dome(inner)/36483404570_e69b9930d5_n.jpg,dome(outer),0.26976278424263
data/part1/dataset_hist_structures/Dataset_test/Dataset_test_original_1478/dome(inner)/991840e4-3c69-4d95-b783-9710b21c5664.jpg,dome(outer),0.23642072081565857
data/part1/dataset_hist_structures/Dataset_test/Dataset_test_original_1478/dome(inner)/images (83).jpg,vault,0.32448631525039673
data/part1/dataset_hist_structures/Dataset_test/Dataset_test_original_1478/dome(inner)/images (17).jpg,dome(outer),0.23642072081565857
data/part1/dataset_hist_structures/Dataset_test/Dataset_test_original_1478/dome(inner)/35913964772_437a9f20b0_n.jpg,portal,0.4303700625896454
data/part1/dataset_hist_structures/Dataset_test/Dataset_test_original_1478/dome(inner)/36205508760_92f6b27163_m.jpg,portal,0.23197896778583527
data/part1/dataset_hist_structures/Dataset_test/Dataset_test_original_1478/dome(inner)/images (5).jpg,dome(outer),0.40066200494766235
data/part1/dataset_hist_structures/Dataset_test/Dataset_test_original_1478/dome(inner)/images (4).jpg,portal,0.3078165054321289
data/part1/dataset_hist_structures/Dataset_test/Dataset_test_original_1478/dome(inner)/stock-photo-46484304.jpg,portal,0.41032499074935913
data/part1/dataset_hist_structures/Dataset_test/Dataset_test_original_1478/dome(inner)/images (16).jpg,dome(outer),0.2817489504814148
data/part1/dataset_hist_structures/Dataset_test/Dataset_test_original_1478/dome(inner)/36045664434_963d675264_m.jpg,stained_glass,0.24992944300174713
data/part1/dataset_hist_structures/Dataset_test/Dataset_test_original_1478/dome(inner)/images (8).jpg,dome(outer),0.25437796115875244
data/part1/dataset_hist_structures/Dataset_test/Dataset_test_original_1478/dome(inner)/b85a4a6f-1962-401d-9f39-36c9ab9c94a9.jpg,portal,0.4185742437839508
data/part1/dataset_hist_structures/Dataset_test/Dataset_test_original_1478/dome(inner)/35771868683_e082296c0c_n.jpg,vault,0.21382562816143036
data/part1/dataset_hist_structures/Dataset_test/Dataset_test_original_1478/dome(inner)/images (20).jpg,dome(outer),0.37198179960250854
data/part1/dataset_hist_structures/Dataset_test/Dataset_test_original_1478/dome(inner)/935873b9-4ff5-4c2d-8947-3526c56a5442.jpg,dome(outer),0.3997477889060974
data/part1/dataset_hist_structures/Dataset_test/Dataset_test_original_1478/dome(inner)/stock-photo-87876413.jpg,dome(outer),0.3216550052165985
data/part1/dataset_hist_structures/Dataset_test/Dataset_test_original_1478/dome(inner)/images (11).jpg,column,0.22197294235229492
data/part1/dataset_hist_structures/Dataset_test/Dataset_test_original_1478/dome(inner)/images (3).jpg,dome(outer),0.2558882236480713
data/part1/dataset_hist_structures/Dataset_test/Dataset_test_original_1478/dome(inner)/e0c591dd-d0d6-4fda-ae0f-9d00fd3971fe.jpg,portal,0.37480419874191284
data/part1/dataset_hist_structures/Dataset_test/Dataset_test_original_1478/dome(inner)/e3c93028-1fc0-4809-8c91-e9c56f66e5e0.jpg,portal,0.2721989154815674
data/part1/dataset_hist_structures/Dataset_test/Dataset_test_original_1478/dome(inner)/36221490071_c9986d5a8a_m.jpg,dome(outer),0.46754103899002075
data/part1/dataset_hist_structures/Dataset_test/Dataset_test_original_1478/dome(inner)/150d3619-063b-416a-8a92-66d137093153.jpg,portal,0.3401942551136017
data/part1/dataset_hist_structures/Dataset_test/Dataset_test_original_1478/dome(inner)/abb42c70-5981-4ed5-9e3a-c7dc0ee0f0b4.jpg,column,0.22197294235229492
data/part1/dataset_hist_structures/Dataset_test/Dataset_test_original_1478/dome(inner)/34780631861_f2898aaf74_m.jpg,vault,0.32940664887428284
data/part1/dataset_hist_structures/Dataset_test/Dataset_test_original_1478/dome(inner)/22fbe809-17c8-404e-a256-554a09ff177f.jpg,dome(outer),0.3644377589225769
data/part1/dataset_hist_structures/Dataset_test/Dataset_test_original_1478/dome(inner)/35766417094_8a06f3c524_n.jpg,column,0.2858560383319855
data/part1/dataset_hist_structures/Dataset_test/Dataset_test_original_1478/dome(inner)/36303920140_5b89dd5136_m.jpg,dome(outer),0.4129854440689087
data/part1/dataset_hist_structures/Dataset_test/Dataset_test_original_1478/dome(inner)/36211742291_3dc9664a34_m.jpg,portal,0.3989897072315216
data/part1/dataset_hist_structures/Dataset_test/Dataset_test_original_1478/dome(inner)/images (67).jpg,vault,0.3772616982460022
data/part1/dataset_hist_structures/Dataset_test/Dataset_test_original_1478/dome(inner)/35755864474_b2a24dd9b6_n.jpg,portal,0.36652693152427673
data/part1/dataset_hist_structures/Dataset_test/Dataset_test_original_1478/dome(inner)/35962067943_6436b46b25_m.jpg,portal,0.2975805997848511
data/part1/dataset_hist_structures/Dataset_test/Dataset_test_original_1478/dome(inner)/36ec707f-f1f9-4b25-afd7-a5b74074118a.jpg,dome(outer),0.4533405005931854
data/part1/dataset_hist_structures/Dataset_test/Dataset_test_original_1478/dome(inner)/36045660864_c07a73d586_n.jpg,portal,0.3677345812320709
data/part1/dataset_hist_structures/Dataset_test/Dataset_test_original_1478/dome(inner)/c8bceb1d-402c-4bf6-9bd4-0619027af4da.jpg,portal,0.17972709238529205
data/part1/dataset_hist_structures/Dataset_test/Dataset_test_original_1478/dome(inner)/36483400050_7c409f7443_n.jpg,dome(outer),0.28607991337776184
data/part1/dataset_hist_structures/Dataset_test/Dataset_test_original_1478/dome(inner)/images.jpg,portal,0.3063138723373413
data/part1/dataset_hist_structures/Dataset_test/Dataset_test_original_1478/dome(inner)/images (2).jpg,dome(outer),0.32445210218429565
data/part1/dataset_hist_structures/Dataset_test/Dataset_test_original_1478/dome(inner)/e534113c-8598-42df-ae7b-4d43c876da71.jpg,dome(outer),0.37198179960250854
data/part1/dataset_hist_structures/Dataset_test/Dataset_test_original_1478/dome(inner)/images (10).jpg,dome(outer),0.2271428257226944
data/part1/dataset_hist_structures/Dataset_test/Dataset_test_original_1478/dome(inner)/stock-photo-132013173.jpg,dome(outer),0.266976535320282
data/part1/dataset_hist_structures/Dataset_test/Dataset_test_original_1478/dome(inner)/36407927710_2c57f03c09_n.jpg,dome(outer),0.27982190251350403
data/part1/dataset_hist_structures/Dataset_test/Dataset_test_original_1478/dome(inner)/07e148d1-bee8-45a0-8a24-c4481f0f12a9.jpg,vault,0.3517940640449524
data/part1/dataset_hist_structures/Dataset_test/Dataset_test_original_1478/stained_glass/55dac891-4848-4c42-ac40-3c51352fc251.jpg,dome(outer),0.40478381514549255
data/part1/dataset_hist_structures/Dataset_test/Dataset_test_original_1478/stained_glass/e1967afe-e275-4912-aea3-34b8df0c3df3.jpg,dome(outer),0.23155927658081055
data/part1/dataset_hist_structures/Dataset_test/Dataset_test_original_1478/stained_glass/Stained_glass_Foliage.JPG,dome(inner),0.21354632079601288
data/part1/dataset_hist_structures/Dataset_test/Dataset_test_original_1478/stained_glass/4f3fb813-354b-4e59-80d8-e82bfc2e5dec.jpg,dome(outer),0.42986372113227844
data/part1/dataset_hist_structures/Dataset_test/Dataset_test_original_1478/stained_glass/221ffe9a-f958-47b4-a978-a8964949e675.jpg,dome(outer),0.316670298576355
data/part1/dataset_hist_structures/Dataset_test/Dataset_test_original_1478/stained_glass/a0aea9fe-c45b-4767-87d5-d7c9d27b24c1.jpg,dome(outer),0.4287325143814087
data/part1/dataset_hist_structures/Dataset_test/Dataset_test_original_1478/stained_glass/a5df1351-2123-4177-941e-1a32ab4541df.jpg,column,0.35600921511650085
data/part1/dataset_hist_structures/Dataset_test/Dataset_test_original_1478/stained_glass/14115587-6364-4aa2-9f4f-5bcaf9d2418a.png,dome(outer),0.5081601142883301
data/part1/dataset_hist_structures/Dataset_test/Dataset_test_original_1478/stained_glass/stock-photo-40755412.jpg,vault,0.3005836606025696
data/part1/dataset_hist_structures/Dataset_test/Dataset_test_original_1478/stained_glass/Stained_glass_01.jpg,vault,0.25712212920188904
data/part1/dataset_hist_structures/Dataset_test/Dataset_test_original_1478/stained_glass/8d2013a1-ddb5-491c-95c9-0c9ac2ec898e.jpg,dome(inner),0.3000774383544922
data/part1/dataset_hist_structures/Dataset_test/Dataset_test_original_1478/stained_glass/c481eeca-2660-4170-8db1-c24b8b4e1f06.jpg,vault,0.3902468681335449
data/part1/dataset_hist_structures/Dataset_test/Dataset_test_original_1478/stained_glass/748b7e36-a398-4fac-95be-93c471a64f5b.jpg,dome(outer),0.43330836296081543
data/part1/dataset_hist_structures/Dataset_test/Dataset_test_original_1478/stained_glass/Vitrail_Varennes_Jarcy_MNMA_Cluny.jpg,column,0.3105519115924835
data/part1/dataset_hist_structures/Dataset_test/Dataset_test_original_1478/stained_glass/Vitrail_Notre-Dame_de_Paris_191208_04_Fuite_en_Egypte.jpg,stained_glass,0.23154523968696594
data/part1/dataset_hist_structures/Dataset_test/Dataset_test_original_1478/stained_glass/f63359d9-225b-45bb-97fd-0433070231a9.png,dome(inner),0.30549612641334534
data/part1/dataset_hist_structures/Dataset_test/Dataset_test_original_1478/stained_glass/78b7e25a-147e-4d62-89ed-f19afe8c528a.jpg,dome(outer),0.3291151523590088
data/part1/dataset_hist_structures/Dataset_test/Dataset_test_original_1478/stained_glass/8f869a1b-8fc0-4571-8c99-0479a4983c86.jpg,dome(inner),0.35323846340179443
data/part1/dataset_hist_structures/Dataset_test/Dataset_test_original_1478/stained_glass/422ec99d-3ddd-41ea-81fd-314778f9a0f8.jpg,vault,0.47059985995292664
data/part1/dataset_hist_structures/Dataset_test/Dataset_test_original_1478/stained_glass/St_Matthew's_Church_-_Paisley_-_Stained_Glass_Window.jpg,vault,0.22335000336170197
data/part1/dataset_hist_structures/Dataset_test/Dataset_test_original_1478/stained_glass/b31a95ef-168e-4d00-b144-0f6d69842822.jpg,vault,0.3501847982406616
data/part1/dataset_hist_structures/Dataset_test/Dataset_test_original_1478/stained_glass/9b7be5ef-d621-4ea5-bf75-a16ef0eaddbc.jpg,dome(outer),0.36124366521835327
data/part1/dataset_hist_structures/Dataset_test/Dataset_test_original_1478/stained_glass/a4ddff12-5036-4e56-a468-0a2b08597e85.jpg,dome(outer),0.3324573040008545
data/part1/dataset_hist_structures/Dataset_test/Dataset_test_original_1478/stained_glass/5ff56587-3fc6-4645-ba85-fef10c229b19.jpg,vault,0.2612325847148895
data/part1/dataset_hist_structures/Dataset_test/Dataset_test_original_1478/stained_glass/00bad39a-fd6f-4a53-99f0-65d2bbe41fb9.jpg,dome(outer),0.3298497200012207
data/part1/dataset_hist_structures/Dataset_test/Dataset_test_original_1478/stained_glass/b469d192-3b24-4e70-a063-3590cdf3d8e3.jpg,dome(outer),0.3724633455276489
data/part1/dataset_hist_structures/Dataset_test/Dataset_test_original_1478/stained_glass/Stained_glass_Opulent.jpg,dome(outer),0.53437340259552
data/part1/dataset_hist_structures/Dataset_test/Dataset_test_original_1478/stained_glass/9e6ee9e3-15c8-409c-a664-caa25a6a044f.png,dome(outer),0.31710025668144226
data/part1/dataset_hist_structures/Dataset_test/Dataset_test_original_1478/stained_glass/stock-photo-116335309.jpg,vault,0.3432004153728485
data/part1/dataset_hist_structures/Dataset_test/Dataset_test_original_1478/stained_glass/99163eca-556c-4cac-b437-79a3a930c953.jpg,portal,0.23372231423854828
data/part1/dataset_hist_structures/Dataset_test/Dataset_test_original_1478/stained_glass/a63b2db9-1ed1-41ee-b56f-7b589e2c28bd.jpg,dome(outer),0.31227004528045654
data/part1/dataset_hist_structures/Dataset_test/Dataset_test_original_1478/stained_glass/10aba48f-d929-4cf7-b0e0-6f1a6bb95631.jpg,dome(inner),0.26652225852012634
data/part1/dataset_hist_structures/Dataset_test/Dataset_test_original_1478/stained_glass/b8f2f935-ba0c-4d3c-be3b-006fa3996660.jpg,dome(outer),0.43295425176620483
data/part1/dataset_hist_structures/Dataset_test/Dataset_test_original_1478/stained_glass/stock-photo-92218465.jpg,dome(outer),0.42986372113227844
data/part1/dataset_hist_structures/Dataset_test/Dataset_test_original_1478/stained_glass/1ed67f31-de44-43df-8571-01f96421ae90.jpg,dome(outer),0.39987972378730774
data/part1/dataset_hist_structures/Dataset_test/Dataset_test_original_1478/stained_glass/48b134b1-2382-494e-8b0c-4e69a36ded41.jpg,dome(inner),0.36720210313796997
data/part1/dataset_hist_structures/Dataset_test/Dataset_test_original_1478/stained_glass/9537c134-73db-4852-a8e2-9a19359fb659.jpg,dome(outer),0.29032236337661743
"data/part1/dataset_hist_structures/Dataset_test/Dataset_test_original_1478/stained_glass/Castle_in_Malbork,_stained-glass_window_in_the_church02.jpg",dome(inner),0.30233538150787354
data/part1/dataset_hist_structures/Dataset_test/Dataset_test_original_1478/stained_glass/22c9dfd4-5a02-46ca-ac75-cc8af5d970be.png,dome(inner),0.3505116105079651
data/part1/dataset_hist_structures/Dataset_test/Dataset_test_original_1478/stained_glass/34923044-da55-4b2c-9d33-e7e9523537f8.jpg,dome(outer),0.42466112971305847
data/part1/dataset_hist_structures/Dataset_test/Dataset_test_original_1478/stained_glass/010bab8a-bf08-4132-8c5c-4564b3aaaf91.jpg,column,0.19254319369792938
data/part1/dataset_hist_structures/Dataset_test/Dataset_test_original_1478/stained_glass/Stained_glass_station.jpg,stained_glass,0.29788869619369507
data/part1/dataset_hist_structures/Dataset_test/Dataset_test_original_1478/stained_glass/Biarritz-┬Église_Sainte_Eug┬énie-La_C┬ène_d'Emma┬üs-20120413.jpg,dome(outer),0.29118841886520386
data/part1/dataset_hist_structures/Dataset_test/Dataset_test_original_1478/stained_glass/Pigott_Building_Hamilton_B.JPG,dome(outer),0.4045391082763672
data/part1/dataset_hist_structures/Dataset_test/Dataset_test_original_1478/stained_glass/Janskerk_Gouda_-_Glass_11.jpg,dome(outer),0.3591889441013336
data/part1/dataset_hist_structures/Dataset_test/Dataset_test_original_1478/stained_glass/daafd9c1-c5e7-4926-a703-36c1efb409d6.jpg,dome(outer),0.2981976866722107
data/part1/dataset_hist_structures/Dataset_test/Dataset_test_original_1478/stained_glass/Stained_glass_windows_cathedral_Bayeux.jpg,vault,0.33685049414634705
data/part1/dataset_hist_structures/Dataset_test/Dataset_test_original_1478/stained_glass/stock-photo-46560474.jpg,dome(inner),0.23520855605602264
data/part1/dataset_hist_structures/Dataset_test/Dataset_test_original_1478/stained_glass/c6963e5a-b192-4e48-8080-7fe5ef759208.jpg,vault,0.3005836606025696
data/part1/dataset_hist_structures/Dataset_test/Dataset_test_original_1478/stained_glass/Pierre-Louis_de_la_Rochefoucauld_Stained_glass_window_Saint-Eutropius_upper_Basilica_Saintes_Charente-Maritime.jpg,dome(outer),0.30589598417282104
data/part1/dataset_hist_structures/Dataset_test/Dataset_test_original_1478/stained_glass/f5c6a1b3-cf0c-456e-b99d-e7fad28a8888.jpg,dome(outer),0.22737115621566772
data/part1/dataset_hist_structures/Dataset_test/Dataset_test_original_1478/stained_glass/stock-photo-94980763.jpg,dome(inner),0.30640092492103577
data/part1/dataset_hist_structures/Dataset_test/Dataset_test_original_1478/stained_glass/3c5bdd21-8e04-4bcd-8132-06d3ac9072bd.jpg,dome(outer),0.5229167342185974
data/part1/dataset_hist_structures/Dataset_test/Dataset_test_original_1478/stained_glass/6266700f-e20e-4f1b-a55d-eb03facd869a.jpg,dome(outer),0.5089462399482727
data/part1/dataset_hist_structures/Dataset_test/Dataset_test_original_1478/stained_glass/Faith_and_Hope_MET_DP214424.jpg,dome(inner),0.3035098910331726
data/part1/dataset_hist_structures/Dataset_test/Dataset_test_original_1478/stained_glass/fbfd447b-e2b5-46b2-9f28-59897be6fd40.jpg,dome(outer),0.1889151781797409
data/part1/dataset_hist_structures/Dataset_test/Dataset_test_original_1478/stained_glass/b6bf4040-23ad-4c00-815b-babe797d86b0.jpg,portal,0.2554624378681183
data/part1/dataset_hist_structures/Dataset_test/Dataset_test_original_1478/stained_glass/5a443f10-dd44-41b8-8f5f-17f931571fbc.jpg,vault,0.22913911938667297
data/part1/dataset_hist_structures/Dataset_test/Dataset_test_original_1478/stained_glass/Resurrection_of_Christ_stained_glass_Saint_Peter_and_Paul_Cathedral_Saint_Petersburg.jpg,dome(inner),0.525495171546936
data/part1/dataset_hist_structures/Dataset_test/Dataset_test_original_1478/stained_glass/738fde80-33db-48af-b9dc-ece99127c847.jpg,dome(outer),0.32444027066230774
data/part1/dataset_hist_structures/Dataset_test/Dataset_test_original_1478/stained_glass/c37bd903-2367-45ce-89b1-bf091c967cde.jpg,dome(outer),0.44747549295425415
data/part1/dataset_hist_structures/Dataset_test/Dataset_test_original_1478/stained_glass/374960f1-1764-4df1-87c4-70431152e575.jpg,dome(outer),0.3433607518672943
data/part1/dataset_hist_structures/Dataset_test/Dataset_test_original_1478/stained_glass/Holbein-stained-glass-Eichstσëçt.jpg,dome(inner),0.24631470441818237
data/part1/dataset_hist_structures/Dataset_test/Dataset_test_original_1478/stained_glass/97aff6db-4583-4055-8319-c92b02a9d94d.jpg,dome(outer),0.40724828839302063
"data/part1/dataset_hist_structures/Dataset_test/Dataset_test_original_1478/stained_glass/Parsons,_Waterford_detail.jpg",dome(inner),0.39152634143829346
data/part1/dataset_hist_structures/Dataset_test/Dataset_test_original_1478/stained_glass/d841ea4f-22f2-4878-9f86-e24904101515.jpg,vault,0.1902208775281906
data/part1/dataset_hist_structures/Dataset_test/Dataset_test_original_1478/stained_glass/1bd5c8eb-b5f5-42cf-b554-c3df484fcd59.jpg,dome(outer),0.3648753762245178
data/part1/dataset_hist_structures/Dataset_test/Dataset_test_original_1478/stained_glass/572d8186-b991-417b-81d3-30fb3805b12c.jpg,dome(outer),0.20906145870685577
data/part1/dataset_hist_structures/Dataset_test/Dataset_test_original_1478/stained_glass/Φ║½lise_du_Sablon_-_Brussels_-_Stained_glass_(02)_-_2043-0007-0.jpg,vault,0.24673624336719513
data/part1/dataset_hist_structures/Dataset_test/Dataset_test_original_1478/stained_glass/Man-of-Sorrows-Steinfeld-Abbey.jpg,dome(outer),0.44004377722740173
data/part1/dataset_hist_structures/Dataset_test/Dataset_test_original_1478/stained_glass/GlimΓÇákra_kyrka-8.jpg,dome(outer),0.2612466514110565
data/part1/dataset_hist_structures/Dataset_test/Dataset_test_original_1478/stained_glass/62276ae3-819a-4329-9134-4ca8c6463b3c.jpg,dome(outer),0.2878490388393402
data/part1/dataset_hist_structures/Dataset_test/Dataset_test_original_1478/stained_glass/6482f1b2-c7df-4e2a-8502-f6fc0e320285.jpg,portal,0.41472020745277405
data/part1/dataset_hist_structures/Dataset_test/Dataset_test_original_1478/stained_glass/816770a8-472d-409b-97d4-afb39e617837.jpg,portal,0.23466967046260834
data/part1/dataset_hist_structures/Dataset_test/Dataset_test_original_1478/stained_glass/0759dec1-a96c-478a-bf5a-d5da5ee8e439.jpg,dome(inner),0.24783040583133698
data/part1/dataset_hist_structures/Dataset_test/Dataset_test_original_1478/stained_glass/8d695e50-5c17-4539-a206-1768534f1f8d.jpg,dome(outer),0.4035741984844208
data/part1/dataset_hist_structures/Dataset_test/Dataset_test_original_1478/stained_glass/6ed19af6-bb5b-45cb-aae7-5098385565c7.jpg,vault,0.22567731142044067
data/part1/dataset_hist_structures/Dataset_test/Dataset_test_original_1478/stained_glass/Stained_glass_window_cathedral_Seville_1685.jpg,dome(outer),0.3845286965370178
data/part1/dataset_hist_structures/Dataset_test/Dataset_test_original_1478/stained_glass/0a146cb2-5276-4978-ada7-7218bc4539ae.jpg,vault,0.22699260711669922
data/part1/dataset_hist_structures/Dataset_test/Dataset_test_original_1478/stained_glass/021622a4-fcab-40c3-954c-bb3ad46d69c9.jpg,dome(outer),0.6451409459114075
data/part1/dataset_hist_structures/Dataset_test/Dataset_test_original_1478/stained_glass/06542bf9-8c8d-4847-b2dc-2b942393d993.jpg,dome(outer),0.3886895775794983
data/part1/dataset_hist_structures/Dataset_test/Dataset_test_original_1478/stained_glass/ac0e97dd-b472-4927-bac4-29be20764b23.jpg,stained_glass,0.3000302314758301
data/part1/dataset_hist_structures/Dataset_test/Dataset_test_original_1478/stained_glass/stock-photo-123592587.jpg,dome(outer),0.5089462399482727
data/part1/dataset_hist_structures/Dataset_test/Dataset_test_original_1478/stained_glass/Φ║½lise_du_Sablon_-_Brussels_-_Stained_glass_(03)_-_2043-0007-0.jpg,dome(outer),0.22327417135238647
data/part1/dataset_hist_structures/Dataset_test/Dataset_test_original_1478/stained_glass/508916d7-9676-4c25-85a7-50d7e993cce9.jpg,dome(inner),0.18904829025268555
data/part1/dataset_hist_structures/Dataset_test/Dataset_test_original_1478/stained_glass/5d31b3f5-6976-42ae-8328-33a01f0f5b66.jpg,dome(outer),0.23463980853557587
data/part1/dataset_hist_structures/Dataset_test/Dataset_test_original_1478/stained_glass/196fbde2-ed35-41bf-9bdb-2119ef92a26b.jpg,dome(outer),0.2999405562877655
data/part1/dataset_hist_structures/Dataset_test/Dataset_test_original_1478/stained_glass/8f905ec9-cb11-4aee-9596-51bec430f7d3.jpg,dome(outer),0.39685267210006714
data/part1/dataset_hist_structures/Dataset_test/Dataset_test_original_1478/stained_glass/6ab0e254-b6a5-4b99-86b6-fafe4a845e85.jpg,dome(outer),0.4778209924697876
data/part1/dataset_hist_structures/Dataset_test/Dataset_test_original_1478/stained_glass/4434ff35-fdf8-4601-8683-701a514feebb.jpg,dome(outer),0.32642000913619995
"data/part1/dataset_hist_structures/Dataset_test/Dataset_test_original_1478/stained_glass/Christ_Church_(Episcopal),_Little_Rock_-_window.jpg",vault,0.18496057391166687
"data/part1/dataset_hist_structures/Dataset_test/Dataset_test_original_1478/stained_glass/Llanfoist,_St_Faith,_Monmouthshire._Crawshay_Bailey_window.JPG",dome(inner),0.44499945640563965
"data/part1/dataset_hist_structures/Dataset_test/Dataset_test_original_1478/stained_glass/Stained_glass_window,_with_votive_lights_for_prayers,_Notre_Dame,_Paris,_ZM.JPG",dome(outer),0.68055659532547
data/part1/dataset_hist_structures/Dataset_test/Dataset_test_original_1478/stained_glass/stock-photo-111774357.jpg,dome(outer),0.36237072944641113
data/part1/dataset_hist_structures/Dataset_test/Dataset_test_original_1478/stained_glass/ca385916-527c-47db-9ddf-85a5b2ff0268.jpg,dome(outer),0.3220186233520508
data/part1/dataset_hist_structures/Dataset_test/Dataset_test_original_1478/stained_glass/5bfbe49f-ddb1-411f-aba6-e0c89c7d15ee.jpg,stained_glass,0.34687286615371704
data/part1/dataset_hist_structures/Dataset_test/Dataset_test_original_1478/stained_glass/5f59aac4-6d34-48d4-a838-478fce5e5f06.jpg,dome(outer),0.30361974239349365
data/part1/dataset_hist_structures/Dataset_test/Dataset_test_original_1478/stained_glass/1f89c8ff-3cdc-43ce-94af-93657e8400cd.jpg,dome(inner),0.23365075886249542
data/part1/dataset_hist_structures/Dataset_test/Dataset_test_original_1478/stained_glass/74a570c7-6ea0-49a9-ad26-3d3c1589a004.jpg,dome(inner),0.3083992600440979
data/part1/dataset_hist_structures/Dataset_test/Dataset_test_original_1478/stained_glass/b880833f-ca55-4bd9-997e-017ee030292b.jpg,dome(outer),0.4110875725746155
data/part1/dataset_hist_structures/Dataset_test/Dataset_test_original_1478/stained_glass/Eisenach_Germany_Stained-glass-windows-in-Railway-station-01.jpg,dome(inner),0.485269159078598
data/part1/dataset_hist_structures/Dataset_test/Dataset_test_original_1478/stained_glass/stock-photo-118878297.jpg,dome(outer),0.5081601142883301
data/part1/dataset_hist_structures/Dataset_test/Dataset_test_original_1478/stained_glass/a0025952-887f-4f5c-bf65-e50f37f1b0f3.jpg,dome(outer),0.3111667335033417
data/part1/dataset_hist_structures/Dataset_test/Dataset_test_original_1478/stained_glass/stock-photo-66821965.jpg,dome(outer),0.43330836296081543
data/part1/dataset_hist_structures/Dataset_test/Dataset_test_original_1478/stained_glass/St._Peters_Stained_Glass.jpg,dome(inner),0.3842722475528717
data/part1/dataset_hist_structures/Dataset_test/Dataset_test_original_1478/stained_glass/2f9377d4-1886-4b90-a187-c695c8f0e1a6.jpg,stained_glass,0.33155176043510437
data/part1/dataset_hist_structures/Dataset_test/Dataset_test_original_1478/stained_glass/ee429ce4-4a0f-4fbc-9432-5150d6f56a78.jpg,dome(inner),0.25043874979019165
data/part1/dataset_hist_structures/Dataset_test/Dataset_test_original_1478/stained_glass/f91f2b52-7b52-48f1-829b-0d20879307f9.jpg,dome(inner),0.3402504026889801
data/part1/dataset_hist_structures/Dataset_test/Dataset_test_original_1478/stained_glass/41d31eab-123e-4829-8625-ffbf8b02ccce.jpg,vault,0.28591135144233704
data/part1/dataset_hist_structures/Dataset_test/Dataset_test_original_1478/stained_glass/01c2267c-887b-41e4-821e-8c766da8871f.jpg,vault,0.3432004153728485
data/part1/dataset_hist_structures/Dataset_test/Dataset_test_original_1478/stained_glass/stock-photo-86648269.jpg,dome(outer),0.31710025668144226
data/part1/dataset_hist_structures/Dataset_test/Dataset_test_original_1478/stained_glass/f7876f40-d842-4c2b-a2d7-4eed9fca779b.jpg,column,0.24799023568630219
data/part1/dataset_hist_structures/Dataset_test/Dataset_test_original_1478/stained_glass/2a4c3ee3-abf0-4dec-8e8d-5ab8d19f61a3.jpg,vault,0.26673561334609985
data/part1/dataset_hist_structures/Dataset_test/Dataset_test_original_1478/stained_glass/Stained_Glass_Window_Washington_National_Cathedral.jpg,dome(outer),0.2307875007390976
data/part1/dataset_hist_structures/Dataset_test/Dataset_test_original_1478/stained_glass/4cb1aff2-6f89-474c-afba-17597cc9ffe0.jpg,dome(inner),0.2878642678260803
data/part1/dataset_hist_structures/Dataset_test/Dataset_test_original_1478/stained_glass/8c333106-3b70-472b-b853-ff2f6302c01c.jpg,dome(outer),0.3369434177875519
data/part1/dataset_hist_structures/Dataset_test/Dataset_test_original_1478/stained_glass/1a0ca65b-7e83-459d-9222-e70ae517cd4f.jpg,dome(inner),0.21909935772418976
data/part1/dataset_hist_structures/Dataset_test/Dataset_test_original_1478/stained_glass/e2787f83-c30f-4fd0-a025-38e6448277f2.jpg,column,0.48258110880851746
data/part1/dataset_hist_structures/Dataset_test/Dataset_test_original_1478/stained_glass/2ad5920e-6dda-43a3-8f1a-7678b42053bd.jpg,vault,0.24253064393997192
data/part1/dataset_hist_structures/Dataset_test/Dataset_test_original_1478/stained_glass/stock-photo-83761453.jpg,dome(outer),0.40724828839302063
data/part1/dataset_hist_structures/Dataset_test/Dataset_test_original_1478/stained_glass/St-John-the-Baptist-Mariawald-Abbey.jpg,vault,0.361075222492218
data/part1/dataset_hist_structures/Dataset_test/Dataset_test_original_1478/stained_glass/Eglise_chapaize_vitraux_1.JPG,dome(outer),0.25083088874816895
data/part1/dataset_hist_structures/Dataset_test/Dataset_test_original_1478/stained_glass/d706314d-33dd-4ded-bdd7-2c8168eab4be.jpg,dome(outer),0.3631587326526642
data/part1/dataset_hist_structures/Dataset_test/Dataset_test_original_1478/stained_glass/189ede16-8600-48db-a0b2-0000c8e64f2f.jpg,dome(inner),0.6495959758758545
data/part1/dataset_hist_structures/Dataset_test/Dataset_test_original_1478/stained_glass/e2399819-4c05-4d59-8704-de07e9e02da0.jpg,dome(outer),0.4045916497707367
data/part1/dataset_hist_structures/Dataset_test/Dataset_test_original_1478/stained_glass/ceb0fc7d-9356-41ac-a63a-9f0e6b2ac7c3.jpg,dome(outer),0.2181241512298584
data/part1/dataset_hist_structures/Dataset_test/Dataset_test_original_1478/stained_glass/14e5f712-de33-4df7-b7b1-22e7f0269708.jpg,dome(outer),0.4499264061450958
data/part1/dataset_hist_structures/Dataset_test/Dataset_test_original_1478/stained_glass/94151b5a-571e-460c-8390-219526dd3f55.jpg,dome(inner),0.30640092492103577
data/part1/dataset_hist_structures/Dataset_test/Dataset_test_original_1478/stained_glass/stock-photo-78568695.jpg,dome(outer),0.32444027066230774
data/part1/dataset_hist_structures/Dataset_test/Dataset_test_original_1478/stained_glass/36a45b29-7d04-4da4-a1d0-d0f0abed486f.jpg,stained_glass,0.2570386230945587
data/part1/dataset_hist_structures/Dataset_test/Dataset_test_original_1478/stained_glass/stock-photo-91621313.jpg,portal,0.23372231423854828
data/part1/dataset_hist_structures/Dataset_test/Dataset_test_original_1478/stained_glass/c0839961-5d6c-42d8-8ea5-8e5ac31a0344.jpg,dome(outer),0.5760971307754517
data/part1/dataset_hist_structures/Dataset_test/Dataset_test_original_1478/stained_glass/17f9f5a3-76e6-4e20-8b29-2207dc52164f.jpg,dome(outer),0.26569807529449463
data/part1/dataset_hist_structures/Dataset_test/Dataset_test_original_1478/stained_glass/75bbafa5-37f1-4336-afe6-e597c0c6fa13.jpg,dome(outer),0.3651922047138214
data/part1/dataset_hist_structures/Dataset_test/Dataset_test_original_1478/stained_glass/ed148500-de9b-46dd-96db-48452e48a647.jpg,dome(outer),0.4636470675468445
data/part1/dataset_hist_structures/Dataset_test/Dataset_test_original_1478/stained_glass/0dd6326e-74a1-45ce-82cd-94adfe8bf3b3.jpg,dome(outer),0.3042135238647461
data/part1/dataset_hist_structures/Dataset_test/Dataset_test_original_1478/stained_glass/Eglise_chapaize_vitraux_2.JPG,vault,0.2560649514198303
data/part1/dataset_hist_structures/Dataset_test/Dataset_test_original_1478/stained_glass/SML-Interior-Glass.jpg,stained_glass,0.28987160325050354
"data/part1/dataset_hist_structures/Dataset_test/Dataset_test_original_1478/stained_glass/Vitraux_de_la_basilique_Notre-Dame,_GenΘ¥⌐e_23.jpg",dome(outer),0.3220148980617523
data/part1/dataset_hist_structures/Dataset_test/Dataset_test_original_1478/stained_glass/44c7caea-01e0-468b-97e2-09fc57f2b114.jpg,dome(outer),0.19833393394947052
data/part1/dataset_hist_structures/Dataset_test/Dataset_test_original_1478/stained_glass/f703bd71-1a52-4c73-8705-40dc8e7c9220.jpg,dome(outer),0.36315056681632996
data/part1/dataset_hist_structures/Dataset_test/Dataset_test_original_1478/stained_glass/57bb4b5e-01ef-415a-9c62-b18b849f5a37.jpg,dome(inner),0.17267155647277832
data/part1/dataset_hist_structures/Dataset_test/Dataset_test_original_1478/stained_glass/b50c6f5a-10ee-45ad-9dfc-09d5ffb9f5b2.jpg,dome(outer),0.2560020685195923
data/part1/dataset_hist_structures/Dataset_test/Dataset_test_original_1478/stained_glass/stock-photo-108253769.jpg,dome(outer),0.36124366521835327
data/part1/dataset_hist_structures/Dataset_test/Dataset_test_original_1478/stained_glass/1a443247-3ff2-458c-ad54-c351cd8e74ef.jpg,dome(inner),0.2849675416946411
data/part1/dataset_hist_structures/Dataset_test/Dataset_test_original_1478/stained_glass/ebc45cd9-bab8-4c20-a725-403e7d5a38f2.jpg,portal,0.224103644490242
data/part1/dataset_hist_structures/Dataset_test/Dataset_test_original_1478/stained_glass/2c47c152-3420-4e21-b76e-474beae2443f.jpg,vault,0.5051396489143372
data/part1/dataset_hist_structures/Dataset_test/Dataset_test_original_1478/stained_glass/58e90a60-d831-45fe-ae22-4bb2ac9f8ca0.jpg,vault,0.27225619554519653
data/part1/dataset_hist_structures/Dataset_test/Dataset_test_original_1478/stained_glass/ab132ea3-8c34-480e-af0f-2b0454214e4e.jpg,dome(inner),0.24044544994831085
data/part1/dataset_hist_structures/Dataset_test/Dataset_test_original_1478/stained_glass/Φ║½lise_du_Sablon_-_Brussels_-_Stained_glass_(08)_-_2043-0007-0.jpg,vault,0.2706134617328644
data/part1/dataset_hist_structures/Dataset_test/Dataset_test_original_1478/stained_glass/Φ║½lise_du_Sablon_-_Brussels_-_Stained_glass_(05)_-_2043-0007-0.jpg,dome(outer),0.2728896737098694
data/part1/dataset_hist_structures/Dataset_test/Dataset_test_original_1478/stained_glass/8810f107-c6cd-41e0-b450-1f3949d1bd70.jpg,dome(outer),0.2633678615093231
data/part1/dataset_hist_structures/Dataset_test/Dataset_test_original_1478/stained_glass/stock-photo-95178255.jpg,dome(inner),0.3505116105079651
data/part1/dataset_hist_structures/Dataset_test/Dataset_test_original_1478/stained_glass/871fd012-46ef-40f2-b46c-c1b170dca598.jpg,dome(outer),0.22624604403972626
data/part1/dataset_hist_structures/Dataset_test/Dataset_test_original_1478/stained_glass/SainteChapelleGlass.jpg,vault,0.31519728899002075
data/part1/dataset_hist_structures/Dataset_test/Dataset_test_original_1478/stained_glass/5fbdd5f0-ddbc-4233-bd7f-a0ccbf23f9eb.jpg,dome(outer),0.31064048409461975
data/part1/dataset_hist_structures/Dataset_test/Dataset_test_original_1478/stained_glass/f30f5565-b2bf-4285-9d32-75e2dfa7cea8.jpg,dome(outer),0.3029223680496216
"data/part1/dataset_hist_structures/Dataset_test/Dataset_test_original_1478/stained_glass/Stained_glass_-Force-,_Zrenjanin_City_Hall,_Serbia.jpg",vault,0.22184501588344574
data/part1/dataset_hist_structures/Dataset_test/Dataset_test_original_1478/stained_glass/214ce2f8-bf0b-4edd-b696-a47f85da7801.jpg,dome(outer),0.4429135322570801
data/part1/dataset_hist_structures/Dataset_test/Dataset_test_original_1478/stained_glass/52107136-24d8-429e-a9dd-cb84c70d15c7.jpg,dome(outer),0.36237072944641113
data/part1/dataset_hist_structures/Dataset_test/Dataset_test_original_1478/stained_glass/1b3c9b29-51e7-4aa6-957d-6f836d0b6aae.jpg,dome(outer),0.4390290379524231
data/part1/dataset_hist_structures/Dataset_test/Dataset_test_original_1478/stained_glass/8d01cb33-33ae-4af7-95b9-ec14877a392b.jpg,dome(inner),0.2889639437198639
data/part1/dataset_hist_structures/Dataset_test/Dataset_test_original_1478/stained_glass/stock-photo-67339737.jpg,dome(outer),0.27779439091682434
data/part1/dataset_hist_structures/Dataset_test/Dataset_test_original_1478/column/images (1).jpg,vault,0.6330066919326782
data/part1/dataset_hist_structures/Dataset_test/Dataset_test_original_1478/column/a2dade5c-e319-4cb3-9728-8f4c95b5f15d.jpg,gargoyle,0.30949991941452026
data/part1/dataset_hist_structures/Dataset_test/Dataset_test_original_1478/column/7bae45a3-2f47-4ec2-b7de-1aeb7d7b8b2d.jpg,gargoyle,0.34297963976860046
data/part1/dataset_hist_structures/Dataset_test/Dataset_test_original_1478/column/images (13).jpg,vault,0.4842921197414398
data/part1/dataset_hist_structures/Dataset_test/Dataset_test_original_1478/column/descarga (7).jpg,stained_glass,0.22771808505058289
data/part1/dataset_hist_structures/Dataset_test/Dataset_test_original_1478/column/04718fb7-078f-4164-a4b9-4eee0fb4b7cf.jpg,dome(outer),0.325056791305542
data/part1/dataset_hist_structures/Dataset_test/Dataset_test_original_1478/column/descarga (10).jpg,vault,0.38993462920188904
data/part1/dataset_hist_structures/Dataset_test/Dataset_test_original_1478/column/28189659713_5243765ecc_m.jpg,gargoyle,0.2181941568851471
data/part1/dataset_hist_structures/Dataset_test/Dataset_test_original_1478/column/35084402754_e4ba63fbd2_m.jpg,vault,0.47368067502975464
data/part1/dataset_hist_structures/Dataset_test/Dataset_test_original_1478/column/31252216662_119175af98_m.jpg,dome(outer),0.3032798171043396
data/part1/dataset_hist_structures/Dataset_test/Dataset_test_original_1478/column/7dea7bd2-22a9-40f3-89bd-25135e88cc23.jpg,vault,0.4295022785663605
data/part1/dataset_hist_structures/Dataset_test/Dataset_test_original_1478/column/35790989991_2f43df21ce_m.jpg,vault,0.3612060546875
data/part1/dataset_hist_structures/Dataset_test/Dataset_test_original_1478/column/d08651bc-ab81-4ddf-ac7f-42fd4974fa91.jpg,dome(outer),0.22829978168010712
data/part1/dataset_hist_structures/Dataset_test/Dataset_test_original_1478/column/images (48).jpg,stained_glass,0.26627117395401
data/part1/dataset_hist_structures/Dataset_test/Dataset_test_original_1478/column/203519cd-4dca-4b74-b025-61f60a09ef16.jpg,dome(outer),0.3990901708602905
data/part1/dataset_hist_structures/Dataset_test/Dataset_test_original_1478/column/28afd796-f82e-4782-bc1f-6e2e501234f7.jpg,vault,0.771274983882904
data/part1/dataset_hist_structures/Dataset_test/Dataset_test_original_1478/column/2947bc53-6cf6-4eb0-af58-4cebf4224ed4.jpg,dome(outer),0.5122715830802917
data/part1/dataset_hist_structures/Dataset_test/Dataset_test_original_1478/column/stock-photo-194720981.jpg,vault,0.5916154384613037
data/part1/dataset_hist_structures/Dataset_test/Dataset_test_original_1478/column/30bed8f9-2321-4b9d-880f-86e12a81d0bd.jpg,vault,0.48067706823349
data/part1/dataset_hist_structures/Dataset_test/Dataset_test_original_1478/column/33954268-00e1-4aaf-b141-2b273cc3e6d0.jpg,dome(outer),0.25915709137916565
data/part1/dataset_hist_structures/Dataset_test/Dataset_test_original_1478/column/32461080662_969d8c365c_n.jpg,dome(outer),0.4941566288471222
data/part1/dataset_hist_structures/Dataset_test/Dataset_test_original_1478/column/images (25).jpg,vault,0.44690799713134766
data/part1/dataset_hist_structures/Dataset_test/Dataset_test_original_1478/column/d3fdf4ce-6fdb-4095-83e7-8932b9303cf5.jpg,vault,0.28461915254592896
data/part1/dataset_hist_structures/Dataset_test/Dataset_test_original_1478/column/31252216662_119175af98_n.jpg,vault,0.37979069352149963
data/part1/dataset_hist_structures/Dataset_test/Dataset_test_original_1478/column/3356b708-1552-420a-abbf-209fe6ef6631.jpg,vault,0.337546169757843
data/part1/dataset_hist_structures/Dataset_test/Dataset_test_original_1478/column/30720514973_e348371992_m.jpg,vault,0.29819029569625854
data/part1/dataset_hist_structures/Dataset_test/Dataset_test_original_1478/column/e7a21aca-afaa-41ff-b930-5ff620a007ac.jpg,gargoyle,0.5337576866149902
data/part1/dataset_hist_structures/Dataset_test/Dataset_test_original_1478/column/27596967803_290b6eb6e3_m.jpg,vault,0.40266862511634827
data/part1/dataset_hist_structures/Dataset_test/Dataset_test_original_1478/column/stock-photo-189179757.jpg,vault,0.602899432182312
data/part1/dataset_hist_structures/Dataset_test/Dataset_test_original_1478/column/images (49).jpg,vault,0.3731786012649536
data/part1/dataset_hist_structures/Dataset_test/Dataset_test_original_1478/column/stock-photo-174560483.jpg,vault,0.41258496046066284
data/part1/dataset_hist_structures/Dataset_test/Dataset_test_original_1478/column/stock-photo-175061441.jpg,dome(outer),0.3901819586753845
data/part1/dataset_hist_structures/Dataset_test/Dataset_test_original_1478/column/086005a8-dee3-4941-86ae-6e7575e9a04c.jpg,gargoyle,0.3111860752105713
data/part1/dataset_hist_structures/Dataset_test/Dataset_test_original_1478/column/images (28).jpg,vault,0.48648399114608765
data/part1/dataset_hist_structures/Dataset_test/Dataset_test_original_1478/column/stock-photo-187955233.jpg,vault,0.2645263075828552
data/part1/dataset_hist_structures/Dataset_test/Dataset_test_original_1478/column/26676873175_00d5736aac_n.jpg,vault,0.6087594032287598
data/part1/dataset_hist_structures/Dataset_test/Dataset_test_original_1478/column/descarga (11).jpg,vault,0.5328721404075623
data/part1/dataset_hist_structures/Dataset_test/Dataset_test_original_1478/column/34362556183_28e02c7f35_m.jpg,vault,0.42030346393585205
data/part1/dataset_hist_structures/Dataset_test/Dataset_test_original_1478/column/descarga (6).jpg,vault,0.18273641169071198
data/part1/dataset_hist_structures/Dataset_test/Dataset_test_original_1478/column/stock-photo-194720979.jpg,dome(outer),0.455668181180954
data/part1/dataset_hist_structures/Dataset_test/Dataset_test_original_1478/column/images (45).jpg,vault,0.24301791191101074
data/part1/dataset_hist_structures/Dataset_test/Dataset_test_original_1478/column/2f6252ec-5d3d-419a-95f2-3cf81c07658c.jpg,dome(outer),0.28201812505722046
data/part1/dataset_hist_structures/Dataset_test/Dataset_test_original_1478/column/fa657962-90f0-4352-9054-26a2de96eeda.jpg,gargoyle,0.42289048433303833
data/part1/dataset_hist_structures/Dataset_test/Dataset_test_original_1478/column/35230458892_6fd4b17715_n.jpg,dome(outer),0.3568706214427948
data/part1/dataset_hist_structures/Dataset_test/Dataset_test_original_1478/column/23712096713_40b0b64c2b_m.jpg,stained_glass,0.24554233253002167
data/part1/dataset_hist_structures/Dataset_test/Dataset_test_original_1478/column/28804683195_90eeffe570.jpg,vault,0.6278707981109619
data/part1/dataset_hist_structures/Dataset_test/Dataset_test_original_1478/column/images (19).jpg,vault,0.46679526567459106
data/part1/dataset_hist_structures/Dataset_test/Dataset_test_original_1478/column/images (62).jpg,vault,0.48172008991241455
data/part1/dataset_hist_structures/Dataset_test/Dataset_test_original_1478/column/28658241453_1b0c9f65ba_m.jpg,vault,0.3190362751483917
data/part1/dataset_hist_structures/Dataset_test/Dataset_test_original_1478/column/27077912552_f0e766ed32_n.jpg,dome(outer),0.3220379948616028
data/part1/dataset_hist_structures/Dataset_test/Dataset_test_original_1478/column/stock-photo-86640957.jpg,column,0.3040549159049988
data/part1/dataset_hist_structures/Dataset_test/Dataset_test_original_1478/column/images (74).jpg,gargoyle,0.3624918460845947
data/part1/dataset_hist_structures/Dataset_test/Dataset_test_original_1478/column/stock-photo-175940241.jpg,gargoyle,0.3629881739616394
data/part1/dataset_hist_structures/Dataset_test/Dataset_test_original_1478/column/stock-photo-220803659.jpg,dome(outer),0.2908143997192383
data/part1/dataset_hist_structures/Dataset_test/Dataset_test_original_1478/column/images (7).jpg,gargoyle,0.3048541843891144
data/part1/dataset_hist_structures/Dataset_test/Dataset_test_original_1478/column/29200747831_6fd424ab89_m.jpg,vault,0.562960147857666
data/part1/dataset_hist_structures/Dataset_test/Dataset_test_original_1478/column/images (15).jpg,dome(outer),0.19171158969402313
data/part1/dataset_hist_structures/Dataset_test/Dataset_test_original_1478/column/descarga (1).jpg,vault,0.6371490955352783
data/part1/dataset_hist_structures/Dataset_test/Dataset_test_original_1478/column/stock-photo-20835379.jpg,vault,0.3350072503089905
data/part1/dataset_hist_structures/Dataset_test/Dataset_test_original_1478/column/images (39).jpg,vault,0.27364930510520935
data/part1/dataset_hist_structures/Dataset_test/Dataset_test_original_1478/column/stock-photo-62882499.jpg,dome(outer),0.4880022704601288
data/part1/dataset_hist_structures/Dataset_test/Dataset_test_original_1478/column/35238537460_43889d6a3c_n.jpg,dome(outer),0.406515508890152
data/part1/dataset_hist_structures/Dataset_test/Dataset_test_original_1478/column/images (97).jpg,gargoyle,0.4866080582141876
data/part1/dataset_hist_structures/Dataset_test/Dataset_test_original_1478/column/d0f87ea0-f09b-4b03-9997-0aa9a4e40171.jpg,column,0.38914749026298523
data/part1/dataset_hist_structures/Dataset_test/Dataset_test_original_1478/column/24116054869_8cc2f7b1cc_n.jpg,vault,0.5553025603294373
data/part1/dataset_hist_structures/Dataset_test/Dataset_test_original_1478/column/31407953214_d77452c2b2_m.jpg,vault,0.2562973201274872
data/part1/dataset_hist_structures/Dataset_test/Dataset_test_original_1478/column/stock-photo-189179457.jpg,vault,0.5773319005966187
data/part1/dataset_hist_structures/Dataset_test/Dataset_test_original_1478/column/stock-photo-57318774.jpg,dome(outer),0.34336286783218384
data/part1/dataset_hist_structures/Dataset_test/Dataset_test_original_1478/column/0811ae42-7760-4ad4-b4ed-9aab04a60710.jpg,vault,0.4383503794670105
data/part1/dataset_hist_structures/Dataset_test/Dataset_test_original_1478/column/d6949ef9-47f3-4a99-848f-e5c62b02ff83.jpg,vault,0.2963409721851349
data/part1/dataset_hist_structures/Dataset_test/Dataset_test_original_1478/column/stock-photo-187971939.jpg,dome(inner),0.35911887884140015
data/part1/dataset_hist_structures/Dataset_test/Dataset_test_original_1478/column/images (14).jpg,vault,0.4489523470401764
data/part1/dataset_hist_structures/Dataset_test/Dataset_test_original_1478/column/images (43).jpg,vault,0.5576345324516296
data/part1/dataset_hist_structures/Dataset_test/Dataset_test_original_1478/column/images (6).jpg,vault,0.484289288520813
data/part1/dataset_hist_structures/Dataset_test/Dataset_test_original_1478/column/29195148712_f0f573ac9d_n.jpg,dome(outer),0.40095245838165283
data/part1/dataset_hist_structures/Dataset_test/Dataset_test_original_1478/column/f6293fcf-7a87-4ae7-82cb-5cefee689017.jpg,vault,0.42562243342399597
data/part1/dataset_hist_structures/Dataset_test/Dataset_test_original_1478/column/a096b934-df5f-4848-8ff7-39ed25789995.jpg,vault,0.2561945617198944
data/part1/dataset_hist_structures/Dataset_test/Dataset_test_original_1478/column/32227938086_c1eb4846a5.jpg,vault,0.5585960745811462
data/part1/dataset_hist_structures/Dataset_test/Dataset_test_original_1478/column/c8ab4895-fb70-4a5e-b445-8f30f330bb7e.jpg,dome(outer),0.3710566461086273
data/part1/dataset_hist_structures/Dataset_test/Dataset_test_original_1478/column/images (22).jpg,vault,0.20614264905452728
data/part1/dataset_hist_structures/Dataset_test/Dataset_test_original_1478/column/4bc5e232-2a91-4a6d-9f5d-5024272dfa1a.jpg,stained_glass,0.32629260420799255
data/part1/dataset_hist_structures/Dataset_test/Dataset_test_original_1478/column/4dd05d92-e147-4306-b04b-df3d7691b575.jpg,vault,0.4100838601589203
data/part1/dataset_hist_structures/Dataset_test/Dataset_test_original_1478/column/images (34).jpg,vault,0.6471522450447083
data/part1/dataset_hist_structures/Dataset_test/Dataset_test_original_1478/column/images (63).jpg,vault,0.2595383822917938
data/part1/dataset_hist_structures/Dataset_test/Dataset_test_original_1478/column/images (18).jpg,vault,0.29471662640571594
data/part1/dataset_hist_structures/Dataset_test/Dataset_test_original_1478/column/stock-photo-186016763.jpg,dome(outer),0.44601181149482727
data/part1/dataset_hist_structures/Dataset_test/Dataset_test_original_1478/column/28991291840_99061db5bd_m.jpg,vault,0.4925878047943115
data/part1/dataset_hist_structures/Dataset_test/Dataset_test_original_1478/column/30510597866_a1567bf3b9_n.jpg,vault,0.363364577293396
data/part1/dataset_hist_structures/Dataset_test/Dataset_test_original_1478/column/images (59).jpg,vault,0.5775744318962097
data/part1/dataset_hist_structures/Dataset_test/Dataset_test_original_1478/column/4dc5dc48-deb6-4e93-a83a-7eb39f3a0391.jpg,dome(outer),0.4223502278327942
data/part1/dataset_hist_structures/Dataset_test/Dataset_test_original_1478/column/stock-photo-156587701.jpg,vault,0.5989779829978943
data/part1/dataset_hist_structures/Dataset_test/Dataset_test_original_1478/column/26016300212_d98fe879b9_m.jpg,dome(outer),0.27195894718170166
data/part1/dataset_hist_structures/Dataset_test/Dataset_test_original_1478/column/stock-photo-175571351.jpg,vault,0.3248738646507263
data/part1/dataset_hist_structures/Dataset_test/Dataset_test_original_1478/column/1e68deec-8665-435c-a50f-efe1f04a5f25.jpg,gargoyle,0.29620009660720825
data/part1/dataset_hist_structures/Dataset_test/Dataset_test_original_1478/column/28108198682_ec60989b50.jpg,vault,0.6941773295402527
data/part1/dataset_hist_structures/Dataset_test/Dataset_test_original_1478/column/d1798912-93e7-447e-823a-3a039f62ede6.jpg,vault,0.17719532549381256
data/part1/dataset_hist_structures/Dataset_test/Dataset_test_original_1478/column/stock-photo-61750927.jpg,vault,0.3490597605705261
data/part1/dataset_hist_structures/Dataset_test/Dataset_test_original_1478/column/c21352f5-7b01-423e-b97e-53c20e17ec61.jpg,dome(outer),0.3882579505443573
data/part1/dataset_hist_structures/Dataset_test/Dataset_test_original_1478/column/stock-photo-220131317.jpg,dome(outer),0.3137640953063965
data/part1/dataset_hist_structures/Dataset_test/Dataset_test_original_1478/column/8d2762ee-c799-4874-9a62-46bc9aaead11.jpg,dome(outer),0.5318238139152527
data/part1/dataset_hist_structures/Dataset_test/Dataset_test_original_1478/column/stock-photo-154150593.jpg,dome(outer),0.3136502504348755
data/part1/dataset_hist_structures/Dataset_test/Dataset_test_original_1478/column/b2df68f4-77bb-43a8-8b62-2eaeb3bdbe6d.jpg,vault,0.21446605026721954
data/part1/dataset_hist_structures/Dataset_test/Dataset_test_original_1478/column/images (100).jpg,vault,0.7397199869155884
data/part1/dataset_hist_structures/Dataset_test/Dataset_test_original_1478/column/descarga.jpg,vault,0.6854586601257324
data/part1/dataset_hist_structures/Dataset_test/Dataset_test_original_1478/column/images (9).jpg,vault,0.6521743535995483
data/part1/dataset_hist_structures/Dataset_test/Dataset_test_original_1478/column/5a914996-a9af-41e0-9477-abe665bcfa90.jpg,dome(outer),0.28724536299705505
data/part1/dataset_hist_structures/Dataset_test/Dataset_test_original_1478/column/stock-photo-128892081.jpg,vault,0.35051918029785156
data/part1/dataset_hist_structures/Dataset_test/Dataset_test_original_1478/column/stock-photo-15726259.jpg,dome(inner),0.2583695948123932
data/part1/dataset_hist_structures/Dataset_test/Dataset_test_original_1478/column/5e46199c-1533-4e16-bff9-aa8771a89bac.jpg,vault,0.6331198811531067
data/part1/dataset_hist_structures/Dataset_test/Dataset_test_original_1478/column/c550aa65-44e4-4185-aaa6-baa6bbd3f8b2.jpg,dome(outer),0.3022215962409973
data/part1/dataset_hist_structures/Dataset_test/Dataset_test_original_1478/column/images (83).jpg,vault,0.43173423409461975
data/part1/dataset_hist_structures/Dataset_test/Dataset_test_original_1478/column/30870160373_16ce61bbf0_m.jpg,vault,0.25941628217697144
data/part1/dataset_hist_structures/Dataset_test/Dataset_test_original_1478/column/35003345370_f586452a00_n.jpg,vault,0.515495777130127
data/part1/dataset_hist_structures/Dataset_test/Dataset_test_original_1478/column/images (17).jpg,vault,0.47477954626083374
data/part1/dataset_hist_structures/Dataset_test/Dataset_test_original_1478/column/stock-photo-193661521.jpg,vault,0.40811246633529663
data/part1/dataset_hist_structures/Dataset_test/Dataset_test_original_1478/column/images (40).jpg,vault,0.33859628438949585
data/part1/dataset_hist_structures/Dataset_test/Dataset_test_original_1478/column/96342121-18eb-4ad4-96c2-af5a41a6e358.jpg,vault,0.6302573680877686
data/part1/dataset_hist_structures/Dataset_test/Dataset_test_original_1478/column/stock-photo-109637781.jpg,dome(outer),0.3733999729156494
data/part1/dataset_hist_structures/Dataset_test/Dataset_test_original_1478/column/images (5).jpg,vault,0.36024409532546997
data/part1/dataset_hist_structures/Dataset_test/Dataset_test_original_1478/column/stock-photo-109637795.jpg,dome(outer),0.6340835690498352
data/part1/dataset_hist_structures/Dataset_test/Dataset_test_original_1478/column/images (56).jpg,stained_glass,0.28114500641822815
data/part1/dataset_hist_structures/Dataset_test/Dataset_test_original_1478/column/b7d5741b-37e8-489c-9748-068cdb3a4030.jpg,vault,0.5035713315010071
data/part1/dataset_hist_structures/Dataset_test/Dataset_test_original_1478/column/a2a29af0-33b8-4d03-9492-4e167735566c.jpg,dome(outer),0.6674662232398987
data/part1/dataset_hist_structures/Dataset_test/Dataset_test_original_1478/column/cc02f443-7213-47df-9d16-18046672e7f6.jpg,vault,0.2874455153942108
data/part1/dataset_hist_structures/Dataset_test/Dataset_test_original_1478/column/77f6ac6c-0a3b-4edd-8af4-ada300b8ef22.jpg,vault,0.45727747678756714
data/part1/dataset_hist_structures/Dataset_test/Dataset_test_original_1478/column/35003068380_38b97bae40_m.jpg,vault,0.3427853584289551
data/part1/dataset_hist_structures/Dataset_test/Dataset_test_original_1478/column/images (4).jpg,vault,0.5752114653587341
data/part1/dataset_hist_structures/Dataset_test/Dataset_test_original_1478/column/stock-photo-100344083.jpg,stained_glass,0.19182077050209045
data/part1/dataset_hist_structures/Dataset_test/Dataset_test_original_1478/column/stock-photo-109637785.jpg,vault,0.47382599115371704
data/part1/dataset_hist_structures/Dataset_test/Dataset_test_original_1478/column/536e58d1-9238-4c80-ae21-c4f38f15e71c.jpg,dome(outer),0.5383625030517578
data/part1/dataset_hist_structures/Dataset_test/Dataset_test_original_1478/column/35082952784_1064b63e03_m.jpg,vault,0.3517003655433655
data/part1/dataset_hist_structures/Dataset_test/Dataset_test_original_1478/column/208ff98f-86f8-4249-b815-2f2498548f31.jpg,vault,0.38028663396835327
data/part1/dataset_hist_structures/Dataset_test/Dataset_test_original_1478/column/31937c51-7617-412f-be73-3aab6107595a.jpg,dome(outer),0.39548152685165405
data/part1/dataset_hist_structures/Dataset_test/Dataset_test_original_1478/column/descarga (2).jpg,vault,0.2778392732143402
data/part1/dataset_hist_structures/Dataset_test/Dataset_test_original_1478/column/181f2c5e-af3a-4424-842c-6bde4948059b.jpg,vault,0.36761730909347534
data/part1/dataset_hist_structures/Dataset_test/Dataset_test_original_1478/column/stock-photo-212514707.jpg,dome(outer),0.5752646327018738
data/part1/dataset_hist_structures/Dataset_test/Dataset_test_original_1478/column/31523115862_7f0dc6911e_n.jpg,vault,0.6292102932929993
data/part1/dataset_hist_structures/Dataset_test/Dataset_test_original_1478/column/stock-photo-137825005.jpg,vault,0.47465816140174866
data/part1/dataset_hist_structures/Dataset_test/Dataset_test_original_1478/column/0754654a-8a30-4166-9b93-f5581ebb1270.jpg,vault,0.41691768169403076
data/part1/dataset_hist_structures/Dataset_test/Dataset_test_original_1478/column/27596963443_4fc7f218e4_m.jpg,vault,0.5826416015625
data/part1/dataset_hist_structures/Dataset_test/Dataset_test_original_1478/column/stock-photo-172977451.jpg,dome(outer),0.4776678681373596
data/part1/dataset_hist_structures/Dataset_test/Dataset_test_original_1478/column/35350745036_0051dce716_n.jpg,gargoyle,0.1921544373035431
data/part1/dataset_hist_structures/Dataset_test/Dataset_test_original_1478/column/acf55b22-5a94-46c4-a7d2-c4b6f2a850a7.jpg,vault,0.48102861642837524
data/part1/dataset_hist_structures/Dataset_test/Dataset_test_original_1478/column/images (8).jpg,dome(outer),0.3819432854652405
data/part1/dataset_hist_structures/Dataset_test/Dataset_test_original_1478/column/31281425301_e98b3d15a2_m.jpg,dome(outer),0.5156828761100769
data/part1/dataset_hist_structures/Dataset_test/Dataset_test_original_1478/column/19c8cf0c-753e-4a5e-9915-8f31c8404026.jpg,vault,0.6558259725570679
data/part1/dataset_hist_structures/Dataset_test/Dataset_test_original_1478/column/26a237f7-511b-4128-8b49-09c4884289be.jpg,vault,0.31180107593536377
data/part1/dataset_hist_structures/Dataset_test/Dataset_test_original_1478/column/9ebc68b8-34f7-4922-9fdd-1e360ed322ae.jpg,dome(outer),0.41982752084732056
data/part1/dataset_hist_structures/Dataset_test/Dataset_test_original_1478/column/42c5fecd-3573-43b0-8144-52333906dfef.jpg,dome(outer),0.4499824643135071
data/part1/dataset_hist_structures/Dataset_test/Dataset_test_original_1478/column/26ac72cb-de8d-4403-99e7-2ee3d57d049a.jpg,vault,0.3925848603248596
data/part1/dataset_hist_structures/Dataset_test/Dataset_test_original_1478/column/190bd652-a978-4923-a138-9fdfcd77dfb9.jpg,vault,0.36094555258750916
data/part1/dataset_hist_structures/Dataset_test/Dataset_test_original_1478/column/images (61).jpg,dome(outer),0.22530055046081543
data/part1/dataset_hist_structures/Dataset_test/Dataset_test_original_1478/column/35350493256_a67783d25e_n.jpg,vault,0.5036420226097107
data/part1/dataset_hist_structures/Dataset_test/Dataset_test_original_1478/column/c4031ac5-16ee-40f3-8dc7-09c8d4640278.jpg,gargoyle,0.3669552803039551
data/part1/dataset_hist_structures/Dataset_test/Dataset_test_original_1478/column/stock-photo-136341457.jpg,vault,0.3818960189819336
data/part1/dataset_hist_structures/Dataset_test/Dataset_test_original_1478/column/images (36).jpg,vault,0.3261086642742157
data/part1/dataset_hist_structures/Dataset_test/Dataset_test_original_1478/column/55fd7b7a-b0a0-49cc-923c-7b5c343ce9ac.jpg,column,0.19260208308696747
data/part1/dataset_hist_structures/Dataset_test/Dataset_test_original_1478/column/35881819606_929ca43fa8_m.jpg,vault,0.31330573558807373
data/part1/dataset_hist_structures/Dataset_test/Dataset_test_original_1478/column/27596986223_a86c9e489f_m.jpg,vault,0.37315186858177185
data/part1/dataset_hist_structures/Dataset_test/Dataset_test_original_1478/column/stock-photo-153189867.jpg,vault,0.3058670163154602
data/part1/dataset_hist_structures/Dataset_test/Dataset_test_original_1478/column/ba2ffb6a-c9d4-464e-bffd-75f9296fdee5.jpg,vault,0.31476259231567383
data/part1/dataset_hist_structures/Dataset_test/Dataset_test_original_1478/column/stock-photo-132847263.jpg,vault,0.35790836811065674
data/part1/dataset_hist_structures/Dataset_test/Dataset_test_original_1478/column/31264100062_9c91d5d382_n.jpg,dome(outer),0.5499401092529297
data/part1/dataset_hist_structures/Dataset_test/Dataset_test_original_1478/column/f21793d2-18ac-41ca-9731-c30bffff7709.jpg,vault,0.3584218919277191
data/part1/dataset_hist_structures/Dataset_test/Dataset_test_original_1478/column/stock-photo-208718061.jpg,dome(outer),0.5046945214271545
data/part1/dataset_hist_structures/Dataset_test/Dataset_test_original_1478/column/stock-photo-156375173.jpg,gargoyle,0.25234290957450867
data/part1/dataset_hist_structures/Dataset_test/Dataset_test_original_1478/column/images (11).jpg,portal,0.3118380308151245
data/part1/dataset_hist_structures/Dataset_test/Dataset_test_original_1478/column/d473bb5e-85e9-4b79-97a5-2ba0c748238d.jpg,dome(outer),0.232261061668396
data/part1/dataset_hist_structures/Dataset_test/Dataset_test_original_1478/column/images (46).jpg,dome(outer),0.5664997100830078
data/part1/dataset_hist_structures/Dataset_test/Dataset_test_original_1478/column/images (3).jpg,vault,0.42011332511901855
data/part1/dataset_hist_structures/Dataset_test/Dataset_test_original_1478/column/23966228629_bc1076860d_m.jpg,vault,0.36141908168792725
data/part1/dataset_hist_structures/Dataset_test/Dataset_test_original_1478/column/images (50).jpg,stained_glass,0.3582082688808441
data/part1/dataset_hist_structures/Dataset_test/Dataset_test_original_1478/column/stock-photo-60991020.jpg,dome(outer),0.32741400599479675
data/part1/dataset_hist_structures/Dataset_test/Dataset_test_original_1478/column/27596999573_b73d22efd9_n.jpg,vault,0.5344513654708862
data/part1/dataset_hist_structures/Dataset_test/Dataset_test_original_1478/column/6e458987-5acb-403f-b100-7e116f7875e6.jpg,dome(outer),0.3094791769981384
data/part1/dataset_hist_structures/Dataset_test/Dataset_test_original_1478/column/images (70).jpg,dome(outer),0.36446020007133484
data/part1/dataset_hist_structures/Dataset_test/Dataset_test_original_1478/column/32381274811_d93780c0d4_n.jpg,dome(inner),0.2651228904724121
data/part1/dataset_hist_structures/Dataset_test/Dataset_test_original_1478/column/images (27).jpg,stained_glass,0.185466006398201
data/part1/dataset_hist_structures/Dataset_test/Dataset_test_original_1478/column/images (31).jpg,vault,0.2942935824394226
data/part1/dataset_hist_structures/Dataset_test/Dataset_test_original_1478/column/91b15d5e-39b7-483a-b4c6-d44edb0597c0.jpg,flying_buttress,0.32217127084732056
data/part1/dataset_hist_structures/Dataset_test/Dataset_test_original_1478/column/b89522fd-2401-4de9-a690-442c1937e262.jpg,vault,0.195882648229599
data/part1/dataset_hist_structures/Dataset_test/Dataset_test_original_1478/column/stock-photo-142581137.jpg,dome(outer),0.1926516592502594
data/part1/dataset_hist_structures/Dataset_test/Dataset_test_original_1478/column/stock-photo-129684007.jpg,dome(outer),0.3740502595901489
data/part1/dataset_hist_structures/Dataset_test/Dataset_test_original_1478/column/fb97c2cc-88b5-40ee-a1a1-858238c6c818.jpg,vault,0.46928641200065613
data/part1/dataset_hist_structures/Dataset_test/Dataset_test_original_1478/column/78522727-0d2c-4159-bb86-0dc715d0cf46.jpg,vault,0.29274654388427734
data/part1/dataset_hist_structures/Dataset_test/Dataset_test_original_1478/column/stock-photo-159917833.jpg,dome(outer),0.4412305951118469
data/part1/dataset_hist_structures/Dataset_test/Dataset_test_original_1478/column/159c03d4-1289-41a6-87d3-7ea8f155d464.jpg,dome(outer),0.43464407324790955
data/part1/dataset_hist_structures/Dataset_test/Dataset_test_original_1478/column/stock-photo-179929401.jpg,vault,0.5358343720436096
data/part1/dataset_hist_structures/Dataset_test/Dataset_test_original_1478/column/28756844850_19ee2ef104.jpg,dome(outer),0.43074193596839905
data/part1/dataset_hist_structures/Dataset_test/Dataset_test_original_1478/column/29705169874_9dab54eb6b_n.jpg,dome(outer),0.4246860146522522
data/part1/dataset_hist_structures/Dataset_test/Dataset_test_original_1478/column/5d9377ec-0606-4610-8e32-811d4f1d2823.jpg,dome(outer),0.34990254044532776
data/part1/dataset_hist_structures/Dataset_test/Dataset_test_original_1478/column/003435da-d3ae-4f0d-9e21-fe203c11ab56.jpg,vault,0.3767169415950775
data/part1/dataset_hist_structures/Dataset_test/Dataset_test_original_1478/column/ac84450b-d4b4-4edb-bbb4-ab0f596f3e39.jpg,dome(outer),0.21704146265983582
data/part1/dataset_hist_structures/Dataset_test/Dataset_test_original_1478/column/25322731814_c7ea541efc_n.jpg,vault,0.4624464809894562
data/part1/dataset_hist_structures/Dataset_test/Dataset_test_original_1478/column/stock-photo-139855429.jpg,vault,0.3179992437362671
data/part1/dataset_hist_structures/Dataset_test/Dataset_test_original_1478/column/descarga (8).jpg,stained_glass,0.41752904653549194
data/part1/dataset_hist_structures/Dataset_test/Dataset_test_original_1478/column/29303152865_ab1fa72e60_n.jpg,dome(outer),0.4211854934692383
data/part1/dataset_hist_structures/Dataset_test/Dataset_test_original_1478/column/34c980b2-7224-4db9-99fd-3acbf8948b63.jpg,dome(outer),0.5255884528160095
data/part1/dataset_hist_structures/Dataset_test/Dataset_test_original_1478/column/stock-photo-131007721.jpg,vault,0.4000498354434967
data/part1/dataset_hist_structures/Dataset_test/Dataset_test_original_1478/column/images.jpg,vault,0.24842309951782227
data/part1/dataset_hist_structures/Dataset_test/Dataset_test_original_1478/column/a3cb83c4-4d23-4d16-b267-c2c21df5f931.jpg,vault,0.23564636707305908
data/part1/dataset_hist_structures/Dataset_test/Dataset_test_original_1478/column/images (2).jpg,dome(outer),0.33842113614082336
data/part1/dataset_hist_structures/Dataset_test/Dataset_test_original_1478/column/images (47).jpg,vault,0.47646626830101013
data/part1/dataset_hist_structures/Dataset_test/Dataset_test_original_1478/column/stock-photo-156587811.jpg,dome(outer),0.3645414113998413
data/part1/dataset_hist_structures/Dataset_test/Dataset_test_original_1478/column/31645833846_c1b32f67d8_m.jpg,vault,0.41067662835121155
data/part1/dataset_hist_structures/Dataset_test/Dataset_test_original_1478/column/images (10).jpg,vault,0.49616876244544983
data/part1/dataset_hist_structures/Dataset_test/Dataset_test_original_1478/column/25477999593_6f6bac5e98_m.jpg,vault,0.4132338762283325
data/part1/dataset_hist_structures/Dataset_test/Dataset_test_original_1478/column/7d57b486-e9dd-4e9b-a453-df68723fb2cf.jpg,vault,0.49048781394958496
data/part1/dataset_hist_structures/Dataset_test/Dataset_test_original_1478/column/458acab6-4156-4c4b-92be-d72a287afc88.jpg,dome(outer),0.4744505286216736
data/part1/dataset_hist_structures/Dataset_test/Dataset_test_original_1478/column/images (84).jpg,dome(outer),0.36661839485168457
data/part1/dataset_hist_structures/Dataset_test/Dataset_test_original_1478/apse/images (1).jpg,dome(outer),0.32716289162635803
data/part1/dataset_hist_structures/Dataset_test/Dataset_test_original_1478/apse/apse (7).jpg,vault,0.6834285855293274
data/part1/dataset_hist_structures/Dataset_test/Dataset_test_original_1478/apse/apse (16).jpg,dome(outer),0.473436176776886
data/part1/dataset_hist_structures/Dataset_test/Dataset_test_original_1478/apse/stock-photo-185180591.jpg,dome(outer),0.6309986710548401
data/part1/dataset_hist_structures/Dataset_test/Dataset_test_original_1478/apse/apse (6).jpg,dome(outer),0.7296932339668274
data/part1/dataset_hist_structures/Dataset_test/Dataset_test_original_1478/apse/apse (17).jpg,dome(outer),0.2547008693218231
data/part1/dataset_hist_structures/Dataset_test/Dataset_test_original_1478/apse/28091598706_ecbed9a6c8_n.jpg,dome(outer),0.5556429624557495
data/part1/dataset_hist_structures/Dataset_test/Dataset_test_original_1478/apse/Ribe_Domkirke_Denmark_apse.jpg,dome(outer),0.25264307856559753
data/part1/dataset_hist_structures/Dataset_test/Dataset_test_original_1478/apse/34777554104_1ea6f07360_n.jpg,dome(inner),0.33426985144615173
data/part1/dataset_hist_structures/Dataset_test/Dataset_test_original_1478/apse/Kazan_church_in_Voskresensky_Novodevichy_monastery_(apse).JPG,vault,0.4551127851009369
data/part1/dataset_hist_structures/Dataset_test/Dataset_test_original_1478/apse/apse (1).jpg,vault,0.3892824947834015
data/part1/dataset_hist_structures/Dataset_test/Dataset_test_original_1478/apse/apse (10).jpg,dome(outer),0.3978410065174103
data/part1/dataset_hist_structures/Dataset_test/Dataset_test_original_1478/apse/Norderhov_Church_chancel_and_apse-tb06.jpg,dome(outer),0.3796378970146179
data/part1/dataset_hist_structures/Dataset_test/Dataset_test_original_1478/apse/San_Cataldo_-_apse.jpg,vault,0.21238693594932556
data/part1/dataset_hist_structures/Dataset_test/Dataset_test_original_1478/apse/images (7).jpg,dome(outer),0.7296932339668274
data/part1/dataset_hist_structures/Dataset_test/Dataset_test_original_1478/apse/36480138661_7af329aa4f_n.jpg,vault,0.47121378779411316
data/part1/dataset_hist_structures/Dataset_test/Dataset_test_original_1478/apse/Aa_Kirke_Bornholm_Denmark_apse.jpg,vault,0.38542792201042175
data/part1/dataset_hist_structures/Dataset_test/Dataset_test_original_1478/apse/27872068662_fd991d8c3b_n.jpg,vault,0.38701388239860535
data/part1/dataset_hist_structures/Dataset_test/Dataset_test_original_1478/apse/images (6).jpg,dome(outer),0.24965375661849976
data/part1/dataset_hist_structures/Dataset_test/Dataset_test_original_1478/apse/stock-photo-83079599.jpg,dome(outer),0.49043726921081543
data/part1/dataset_hist_structures/Dataset_test/Dataset_test_original_1478/apse/28873143103_2fabd04c22.jpg,vault,0.42675384879112244
data/part1/dataset_hist_structures/Dataset_test/Dataset_test_original_1478/apse/apse (11).jpg,dome(outer),0.32365620136260986
data/part1/dataset_hist_structures/Dataset_test/Dataset_test_original_1478/apse/Apse_of_the_Reims_cathedral_(east).jpg,stained_glass,0.354585736989975
data/part1/dataset_hist_structures/Dataset_test/Dataset_test_original_1478/apse/apse (12).jpg,stained_glass,0.22697629034519196
data/part1/dataset_hist_structures/Dataset_test/Dataset_test_original_1478/apse/apse (3).jpg,stained_glass,0.29123952984809875
data/part1/dataset_hist_structures/Dataset_test/Dataset_test_original_1478/apse/Apse_of_the_church_of_Saint-Joseph_in_la_Bourboule.jpg,stained_glass,0.2692478895187378
data/part1/dataset_hist_structures/Dataset_test/Dataset_test_original_1478/apse/stock-photo-145025507.jpg,dome(outer),0.46553581953048706
data/part1/dataset_hist_structures/Dataset_test/Dataset_test_original_1478/apse/stock-photo-100507325.jpg,vault,0.39167410135269165
data/part1/dataset_hist_structures/Dataset_test/Dataset_test_original_1478/apse/images (9).jpg,dome(outer),0.31059595942497253
data/part1/dataset_hist_structures/Dataset_test/Dataset_test_original_1478/apse/26538047112_8c6eea7fac_n.jpg,stained_glass,0.3643096387386322
data/part1/dataset_hist_structures/Dataset_test/Dataset_test_original_1478/apse/35862190085_611841f3a5_m.jpg,vault,0.32293033599853516
data/part1/dataset_hist_structures/Dataset_test/Dataset_test_original_1478/apse/images (5).jpg,stained_glass,0.3450969457626343
data/part1/dataset_hist_structures/Dataset_test/Dataset_test_original_1478/apse/images (4).jpg,stained_glass,0.29123952984809875
data/part1/dataset_hist_structures/Dataset_test/Dataset_test_original_1478/apse/29206808740_c563083be2.jpg,dome(outer),0.3616643249988556
data/part1/dataset_hist_structures/Dataset_test/Dataset_test_original_1478/apse/images (8).jpg,dome(outer),0.5439493060112
data/part1/dataset_hist_structures/Dataset_test/Dataset_test_original_1478/apse/apse (13).jpg,dome(outer),0.23771336674690247
data/part1/dataset_hist_structures/Dataset_test/Dataset_test_original_1478/apse/apse (2).jpg,dome(outer),0.2547008693218231
data/part1/dataset_hist_structures/Dataset_test/Dataset_test_original_1478/apse/Oesterlars_Kirke_Bornholm_Denmark_apse.jpg,dome(outer),0.24008743464946747
data/part1/dataset_hist_structures/Dataset_test/Dataset_test_original_1478/apse/apse (18).jpg,stained_glass,0.3416772484779358
data/part1/dataset_hist_structures/Dataset_test/Dataset_test_original_1478/apse/apse (9).jpg,vault,0.2845863997936249
data/part1/dataset_hist_structures/Dataset_test/Dataset_test_original_1478/apse/28262229071_c3d2f9bdc6_m.jpg,dome(outer),0.2870628237724304
data/part1/dataset_hist_structures/Dataset_test/Dataset_test_original_1478/apse/images (3).jpg,vault,0.3892824947834015
data/part1/dataset_hist_structures/Dataset_test/Dataset_test_original_1478/apse/apse (14).jpg,stained_glass,0.3026096522808075
data/part1/dataset_hist_structures/Dataset_test/Dataset_test_original_1478/apse/apse (5).jpg,dome(outer),0.36694371700286865
data/part1/dataset_hist_structures/Dataset_test/Dataset_test_original_1478/apse/Saint-Augustin_apse.jpg,dome(outer),0.44718754291534424
data/part1/dataset_hist_structures/Dataset_test/Dataset_test_original_1478/apse/29495239215_31609c62f0_m.jpg,dome(outer),0.36258095502853394
data/part1/dataset_hist_structures/Dataset_test/Dataset_test_original_1478/apse/Magione-apse.jpg,dome(outer),0.21228986978530884
data/part1/dataset_hist_structures/Dataset_test/Dataset_test_original_1478/apse/27973768825_b645412b46_m.jpg,dome(outer),0.39457160234451294
data/part1/dataset_hist_structures/Dataset_test/Dataset_test_original_1478/apse/apse (15).jpg,vault,0.3396340012550354
data/part1/dataset_hist_structures/Dataset_test/Dataset_test_original_1478/apse/apse (4).jpg,dome(outer),0.3189815878868103
data/part1/dataset_hist_structures/Dataset_test/Dataset_test_original_1478/apse/stock-photo-83161551.jpg,vault,0.4214264750480652
data/part1/dataset_hist_structures/Dataset_test/Dataset_test_original_1478/apse/images.jpg,dome(outer),0.3189815878868103
data/part1/dataset_hist_structures/Dataset_test/Dataset_test_original_1478/apse/images (2).jpg,dome(outer),0.5031888484954834
data/part1/dataset_hist_structures/Dataset_test/Dataset_test_original_1478/apse/images (10).jpg,dome(outer),0.40089738368988037
data/part1/dataset_hist_structures/Dataset_test/Dataset_test_original_1478/apse/apse (19).jpg,vault,0.28646665811538696
data/part1/dataset_hist_structures/Dataset_test/Dataset_test_original_1478/apse/apse (8).jpg,dome(outer),0.31059595942497253
data/part1/dataset_hist_structures/Dataset_test/Dataset_test_original_1478/apse/Kaymakli_monastery_pentagonal_apse.JPG,gargoyle,0.3138253092765808
data/part1/dataset_hist_structures/Dataset_test/Dataset_test_original_1478/vault/stock-photo-218469335.jpg,dome(outer),0.2846982181072235
data/part1/dataset_hist_structures/Dataset_test/Dataset_test_original_1478/vault/4292310f-06bf-458e-abed-45cd06c48384.jpg,stained_glass,0.26159051060676575
data/part1/dataset_hist_structures/Dataset_test/Dataset_test_original_1478/vault/948bd05f-2c4f-4cab-891f-fe5338bcd600.jpg,stained_glass,0.20265181362628937
data/part1/dataset_hist_structures/Dataset_test/Dataset_test_original_1478/vault/stock-photo-150464377.jpg,stained_glass,0.20214113593101501
data/part1/dataset_hist_structures/Dataset_test/Dataset_test_original_1478/vault/34639576364_1f29cd1dfa_m.jpg,dome(outer),0.4498562812805176
data/part1/dataset_hist_structures/Dataset_test/Dataset_test_original_1478/vault/stock-photo-221949223.jpg,dome(inner),0.30912551283836365
data/part1/dataset_hist_structures/Dataset_test/Dataset_test_original_1478/vault/stock-photo-202834103.jpg,vault,0.32339707016944885
data/part1/dataset_hist_structures/Dataset_test/Dataset_test_original_1478/vault/d358eafe-5911-4b1c-97c1-d88419e4cf14.jpg,stained_glass,0.24441573023796082
data/part1/dataset_hist_structures/Dataset_test/Dataset_test_original_1478/vault/stock-photo-193401577.jpg,dome(outer),0.5427273511886597
data/part1/dataset_hist_structures/Dataset_test/Dataset_test_original_1478/vault/f3acda17-091a-42a6-8d3f-e62f8461073a.jpg,dome(outer),0.23088352382183075
data/part1/dataset_hist_structures/Dataset_test/Dataset_test_original_1478/vault/stock-photo-116142713.jpg,vault,0.2666865289211273
data/part1/dataset_hist_structures/Dataset_test/Dataset_test_original_1478/vault/stock-photo-222083361.jpg,vault,0.36570751667022705
data/part1/dataset_hist_structures/Dataset_test/Dataset_test_original_1478/vault/58113ef1-f815-4b1d-a2dc-757388236288.jpg,vault,0.22609832882881165
data/part1/dataset_hist_structures/Dataset_test/Dataset_test_original_1478/vault/stock-photo-50215722.jpg,dome(outer),0.507764458656311
data/part1/dataset_hist_structures/Dataset_test/Dataset_test_original_1478/vault/c65d61ef-d63e-4607-9eee-30e6ed2f9b83.jpg,stained_glass,0.44052743911743164
data/part1/dataset_hist_structures/Dataset_test/Dataset_test_original_1478/vault/a5bf1c54-0b5f-4bf0-a4fc-587253544f73.jpg,dome(outer),0.2352103590965271
data/part1/dataset_hist_structures/Dataset_test/Dataset_test_original_1478/vault/497a7e7b-6081-4ed1-b91d-908604769326.jpg,stained_glass,0.2029954195022583
data/part1/dataset_hist_structures/Dataset_test/Dataset_test_original_1478/vault/a54f33d9-2735-4b76-ad30-7527cef04229.jpg,vault,0.34805750846862793
data/part1/dataset_hist_structures/Dataset_test/Dataset_test_original_1478/vault/8c567c03-cfa3-4f1c-b2bb-cad661345486.jpg,dome(outer),0.25315842032432556
data/part1/dataset_hist_structures/Dataset_test/Dataset_test_original_1478/vault/f016487b-2d17-45a0-8df6-f684f776b87a.jpg,stained_glass,0.28453007340431213
data/part1/dataset_hist_structures/Dataset_test/Dataset_test_original_1478/vault/99d068fa-97b7-4f15-8e11-07b703bca3e2.jpg,vault,0.2267276644706726
data/part1/dataset_hist_structures/Dataset_test/Dataset_test_original_1478/vault/stock-photo-218232197.jpg,vault,0.2970345616340637
data/part1/dataset_hist_structures/Dataset_test/Dataset_test_original_1478/vault/34670722563_a7efda5e61_m.jpg,dome(outer),0.3938744068145752
data/part1/dataset_hist_structures/Dataset_test/Dataset_test_original_1478/vault/71e765ad-2fec-43d2-b06f-8cdd17a5cf1c.jpg,dome(inner),0.3060169517993927
data/part1/dataset_hist_structures/Dataset_test/Dataset_test_original_1478/vault/36762170831_cce4d42ef2_n.jpg,dome(outer),0.3688686788082123
data/part1/dataset_hist_structures/Dataset_test/Dataset_test_original_1478/vault/stock-photo-147203813.jpg,dome(outer),0.3529863655567169
data/part1/dataset_hist_structures/Dataset_test/Dataset_test_original_1478/vault/b595992f-7e17-4720-903c-9374be075ae5.jpg,dome(outer),0.2128189355134964
data/part1/dataset_hist_structures/Dataset_test/Dataset_test_original_1478/vault/6773bf08-792e-4c52-bde6-eeec431655a5.jpg,dome(inner),0.2201208472251892
data/part1/dataset_hist_structures/Dataset_test/Dataset_test_original_1478/vault/aa3bf66e-39fc-4e05-8c7a-6c9c18be153e.jpg,dome(outer),0.19664086401462555
data/part1/dataset_hist_structures/Dataset_test/Dataset_test_original_1478/vault/stock-photo-28720273.jpg,column,0.2492331564426422
data/part1/dataset_hist_structures/Dataset_test/Dataset_test_original_1478/vault/73c7db5f-a79b-438c-b53d-d22b93217904.jpg,stained_glass,0.3796657919883728
data/part1/dataset_hist_structures/Dataset_test/Dataset_test_original_1478/vault/stock-photo-178358245.jpg,dome(outer),0.37473562359809875
data/part1/dataset_hist_structures/Dataset_test/Dataset_test_original_1478/vault/599d4130-7407-4730-ac87-7d468ae80d56.jpg,dome(outer),0.28343531489372253
data/part1/dataset_hist_structures/Dataset_test/Dataset_test_original_1478/vault/30df20ce-36c2-4f22-9341-299be665464a.jpg,stained_glass,0.3129711449146271
data/part1/dataset_hist_structures/Dataset_test/Dataset_test_original_1478/vault/34970265772_11ba72fa39_m.jpg,dome(outer),0.29518923163414
data/part1/dataset_hist_structures/Dataset_test/Dataset_test_original_1478/vault/stock-photo-218418867.jpg,dome(outer),0.22337356209754944
data/part1/dataset_hist_structures/Dataset_test/Dataset_test_original_1478/vault/stock-photo-150024007.jpg,dome(outer),0.5231438875198364
data/part1/dataset_hist_structures/Dataset_test/Dataset_test_original_1478/vault/stock-photo-121613219.jpg,gargoyle,0.21021057665348053
data/part1/dataset_hist_structures/Dataset_test/Dataset_test_original_1478/vault/34904526630_5316f95b95_m.jpg,dome(outer),0.45059072971343994
data/part1/dataset_hist_structures/Dataset_test/Dataset_test_original_1478/vault/98232613-d144-46c1-9fa1-d71f664618c3.jpg,stained_glass,0.48096632957458496
data/part1/dataset_hist_structures/Dataset_test/Dataset_test_original_1478/vault/6f4af503-6764-4bc6-b63a-937f13153972.jpg,stained_glass,0.25050491094589233
data/part1/dataset_hist_structures/Dataset_test/Dataset_test_original_1478/vault/35011086856_aca7205d20_m.jpg,dome(outer),0.3269413709640503
data/part1/dataset_hist_structures/Dataset_test/Dataset_test_original_1478/vault/36112047321_63c146a8ef_m.jpg,dome(outer),0.2919921875
data/part1/dataset_hist_structures/Dataset_test/Dataset_test_original_1478/vault/e96b75dd-9196-49dc-a34c-a7d244bc5f42.jpg,stained_glass,0.5469511151313782
data/part1/dataset_hist_structures/Dataset_test/Dataset_test_original_1478/vault/e3b9b776-bbe0-4ab8-89c7-14fff852ea11.jpg,stained_glass,0.3513096272945404
data/part1/dataset_hist_structures/Dataset_test/Dataset_test_original_1478/vault/8c7de629-01a3-4015-81a3-c5bc147be7e4.jpg,dome(inner),0.37312549352645874
data/part1/dataset_hist_structures/Dataset_test/Dataset_test_original_1478/vault/750cff02-cebf-4550-a7d5-fbd5d0e62b16.jpg,stained_glass,0.38928672671318054
data/part1/dataset_hist_structures/Dataset_test/Dataset_test_original_1478/vault/35581244933_c8577efb7d_n.jpg,vault,0.3417053520679474
data/part1/dataset_hist_structures/Dataset_test/Dataset_test_original_1478/vault/1437ad4b-db55-4181-9332-a2cb2ec75604.jpg,stained_glass,0.32651951909065247
data/part1/dataset_hist_structures/Dataset_test/Dataset_test_original_1478/vault/b44ebee4-89ec-48a0-9cfd-3499d1b24253.jpg,stained_glass,0.45339739322662354
data/part1/dataset_hist_structures/Dataset_test/Dataset_test_original_1478/vault/stock-photo-199060227.jpg,dome(outer),0.3624648451805115
data/part1/dataset_hist_structures/Dataset_test/Dataset_test_original_1478/vault/35991741580_9f2b40e010_m.jpg,dome(outer),0.2739637792110443
data/part1/dataset_hist_structures/Dataset_test/Dataset_test_original_1478/vault/d8f0929f-0597-4ab6-bffd-42e1fe9901c6.jpg,dome(outer),0.18884611129760742
data/part1/dataset_hist_structures/Dataset_test/Dataset_test_original_1478/vault/36462840806_1667dc569a_n.jpg,stained_glass,0.18565262854099274
data/part1/dataset_hist_structures/Dataset_test/Dataset_test_original_1478/vault/stock-photo-128329437.jpg,stained_glass,0.26743200421333313
data/part1/dataset_hist_structures/Dataset_test/Dataset_test_original_1478/vault/c5b2f9f5-aa55-4b31-a8c7-ea34bb1cdccf.jpg,dome(inner),0.3649066686630249
data/part1/dataset_hist_structures/Dataset_test/Dataset_test_original_1478/vault/30af4726-50d3-4235-bb4a-6b46dca65e69.jpg,dome(outer),0.19966985285282135
data/part1/dataset_hist_structures/Dataset_test/Dataset_test_original_1478/vault/stock-photo-222361301.jpg,vault,0.21955107152462006
data/part1/dataset_hist_structures/Dataset_test/Dataset_test_original_1478/vault/382c0bb7-a995-454d-a7aa-670327bdd4f3.jpg,dome(inner),0.18417617678642273
data/part1/dataset_hist_structures/Dataset_test/Dataset_test_original_1478/vault/36449725900_93ca9a4e3e_m.jpg,portal,0.2562592029571533
data/part1/dataset_hist_structures/Dataset_test/Dataset_test_original_1478/vault/35861789242_b502f45f50_m.jpg,stained_glass,0.25399982929229736
data/part1/dataset_hist_structures/Dataset_test/Dataset_test_original_1478/vault/3d78a369-ed64-4bbf-b46d-50b1f0a7302c.jpg,stained_glass,0.4779559075832367
data/part1/dataset_hist_structures/Dataset_test/Dataset_test_original_1478/vault/35561032180_7f3f444761_m.jpg,dome(outer),0.3762156069278717
data/part1/dataset_hist_structures/Dataset_test/Dataset_test_original_1478/vault/bf68f134-b273-4746-b710-b7fe11037d35.jpg,dome(outer),0.2347385585308075
data/part1/dataset_hist_structures/Dataset_test/Dataset_test_original_1478/vault/stock-photo-211952081.jpg,dome(outer),0.44570326805114746
data/part1/dataset_hist_structures/Dataset_test/Dataset_test_original_1478/vault/35789357371_d180e2923e_m.jpg,dome(inner),0.44384080171585083
data/part1/dataset_hist_structures/Dataset_test/Dataset_test_original_1478/vault/44f03d3c-163f-45f4-a629-8f6de1e6adb7.jpg,stained_glass,0.21470120549201965
data/part1/dataset_hist_structures/Dataset_test/Dataset_test_original_1478/vault/stock-photo-70137113.jpg,vault,0.3078666925430298
data/part1/dataset_hist_structures/Dataset_test/Dataset_test_original_1478/vault/826ceb6e-5fdd-458e-a92b-a6faa1f21dc0.jpg,stained_glass,0.37508440017700195
data/part1/dataset_hist_structures/Dataset_test/Dataset_test_original_1478/vault/7fdede31-a5c1-4a1b-a95b-aaefbce72a4a.jpg,dome(inner),0.26393556594848633
data/part1/dataset_hist_structures/Dataset_test/Dataset_test_original_1478/vault/88321a72-2b77-4958-8ebd-1cdc58779c30.jpg,gargoyle,0.23702101409435272
data/part1/dataset_hist_structures/Dataset_test/Dataset_test_original_1478/vault/stock-photo-196345059.jpg,vault,0.3466812074184418
data/part1/dataset_hist_structures/Dataset_test/Dataset_test_original_1478/vault/stock-photo-191533521.jpg,vault,0.3693450689315796
data/part1/dataset_hist_structures/Dataset_test/Dataset_test_original_1478/vault/stock-photo-223743873.jpg,dome(outer),0.5852147936820984
data/part1/dataset_hist_structures/Dataset_test/Dataset_test_original_1478/vault/stock-photo-93346391.jpg,dome(outer),0.6635462641716003
data/part1/dataset_hist_structures/Dataset_test/Dataset_test_original_1478/vault/34376655404_1105079da8_m.jpg,dome(outer),0.21490059792995453
data/part1/dataset_hist_structures/Dataset_test/Dataset_test_original_1478/vault/stock-photo-220895173.jpg,dome(outer),0.44304683804512024
data/part1/dataset_hist_structures/Dataset_test/Dataset_test_original_1478/vault/f6604d66-cf27-44ce-a9ae-0fc96a9dfbed.jpg,vault,0.29051992297172546
data/part1/dataset_hist_structures/Dataset_test/Dataset_test_original_1478/vault/stock-photo-92191821.jpg,dome(outer),0.38057905435562134
data/part1/dataset_hist_structures/Dataset_test/Dataset_test_original_1478/vault/b63442ee-ec86-44ab-9702-f86c5a93aac0.jpg,dome(inner),0.259353905916214
data/part1/dataset_hist_structures/Dataset_test/Dataset_test_original_1478/vault/stock-photo-179138905.jpg,dome(outer),0.44218847155570984
data/part1/dataset_hist_structures/Dataset_test/Dataset_test_original_1478/vault/3ca0adda-5f6f-411d-816e-95d464185ef3.jpg,stained_glass,0.4593600034713745
data/part1/dataset_hist_structures/Dataset_test/Dataset_test_original_1478/vault/36565553332_d1a3e4baed_m.jpg,dome(outer),0.35228392481803894
data/part1/dataset_hist_structures/Dataset_test/Dataset_test_original_1478/vault/011b0e9b-fa21-416a-ad29-697395e874f5.jpg,stained_glass,0.24937167763710022
data/part1/dataset_hist_structures/Dataset_test/Dataset_test_original_1478/vault/0cb7925a-41dd-4c47-9088-463a1a6ee4c1.jpg,stained_glass,0.2777980864048004
data/part1/dataset_hist_structures/Dataset_test/Dataset_test_original_1478/vault/03c770fe-9bc1-4dd6-a924-85ae12b0099d.jpg,stained_glass,0.39770230650901794
data/part1/dataset_hist_structures/Dataset_test/Dataset_test_original_1478/vault/1ec20091-ab9a-4517-b2e8-ae4ced241ca3.jpg,dome(inner),0.2560133934020996
data/part1/dataset_hist_structures/Dataset_test/Dataset_test_original_1478/vault/35187538505_672f915d99_m.jpg,dome(outer),0.3075239062309265
data/part1/dataset_hist_structures/Dataset_test/Dataset_test_original_1478/vault/d7ea78cb-3c63-45f4-8e82-d1022c41d101.jpg,stained_glass,0.576734185218811
data/part1/dataset_hist_structures/Dataset_test/Dataset_test_original_1478/vault/b046ece5-3210-42ad-90f4-40937345f76c.jpg,column,0.27003711462020874
data/part1/dataset_hist_structures/Dataset_test/Dataset_test_original_1478/vault/34552717943_1dbb4bd8e9_m.jpg,dome(outer),0.35024648904800415
data/part1/dataset_hist_structures/Dataset_test/Dataset_test_original_1478/vault/stock-photo-69764523.jpg,dome(outer),0.3602547347545624
data/part1/dataset_hist_structures/Dataset_test/Dataset_test_original_1478/vault/34100925234_90a3c372f7_m.jpg,dome(inner),0.2314155250787735
data/part1/dataset_hist_structures/Dataset_test/Dataset_test_original_1478/vault/4518d943-9311-4390-b162-5d4c50d8792c.jpg,dome(inner),0.19923315942287445
data/part1/dataset_hist_structures/Dataset_test/Dataset_test_original_1478/vault/a6e06aec-de9b-4094-a434-d775450fe6f0.jpg,dome(inner),0.26504865288734436
data/part1/dataset_hist_structures/Dataset_test/Dataset_test_original_1478/vault/36251628291_2a27cee939_m.jpg,dome(outer),0.322726845741272
data/part1/dataset_hist_structures/Dataset_test/Dataset_test_original_1478/vault/stock-photo-182778493.jpg,dome(outer),0.3422512412071228
data/part1/dataset_hist_structures/Dataset_test/Dataset_test_original_1478/vault/stock-photo-225924143.jpg,stained_glass,0.2947598099708557
data/part1/dataset_hist_structures/Dataset_test/Dataset_test_original_1478/vault/5847a5ce-c346-40cb-bfbe-394328fd4c58.jpg,dome(inner),0.16738899052143097
data/part1/dataset_hist_structures/Dataset_test/Dataset_test_original_1478/vault/d2d3da9f-c9d6-461d-97a4-b3cea2386023.jpg,dome(outer),0.30561771988868713
data/part1/dataset_hist_structures/Dataset_test/Dataset_test_original_1478/vault/stock-photo-114647383.jpg,stained_glass,0.20542237162590027
data/part1/dataset_hist_structures/Dataset_test/Dataset_test_original_1478/vault/0d5b5daa-e137-4963-a556-2d34cb925d39.jpg,dome(outer),0.30508145689964294
data/part1/dataset_hist_structures/Dataset_test/Dataset_test_original_1478/vault/739c1b5a-4432-4f9b-94ec-4b275ec4f284.jpg,stained_glass,0.2211305797100067
data/part1/dataset_hist_structures/Dataset_test/Dataset_test_original_1478/vault/stock-photo-184936875.jpg,dome(outer),0.35268673300743103
data/part1/dataset_hist_structures/Dataset_test/Dataset_test_original_1478/vault/6b10f275-c2b7-4a2a-8d9d-b5a24441a6cf.jpg,vault,0.23740513622760773
data/part1/dataset_hist_structures/Dataset_test/Dataset_test_original_1478/vault/9133de73-2de2-4469-abb3-756f5985bf15.jpg,dome(inner),0.2841765880584717
data/part1/dataset_hist_structures/Dataset_test/Dataset_test_original_1478/vault/180a668c-a752-47f6-b41e-2f60fef7487b.jpg,vault,0.31174033880233765
data/part1/dataset_hist_structures/Dataset_test/Dataset_test_original_1478/vault/cf2b7907-b5d8-4456-b077-dd3bb7b254ba.jpg,dome(outer),0.2877100706100464
data/part1/dataset_hist_structures/Dataset_test/Dataset_test_original_1478/vault/5a34a97b-161a-492e-a0b7-703f3da2f4ac.jpg,dome(outer),0.31633609533309937
data/part1/dataset_hist_structures/Dataset_test/Dataset_test_original_1478/vault/36762092871_1cd9aab08f_m.jpg,dome(outer),0.23619791865348816
data/part1/dataset_hist_structures/Dataset_test/Dataset_test_original_1478/vault/533bb503-d44c-48f5-beb5-c76336a6d2f3.jpg,stained_glass,0.30954334139823914
data/part1/dataset_hist_structures/Dataset_test/Dataset_test_original_1478/vault/bb68d813-64a3-4c83-898b-3ad4e782dbfe.jpg,dome(outer),0.21925264596939087
data/part1/dataset_hist_structures/Dataset_test/Dataset_test_original_1478/vault/stock-photo-194047497.jpg,dome(outer),0.48079028725624084
data/part1/dataset_hist_structures/Dataset_test/Dataset_test_original_1478/vault/b4a8db44-52e8-4d3b-a085-7dd4da9f86ae.jpg,dome(inner),0.23642414808273315
data/part1/dataset_hist_structures/Dataset_test/Dataset_test_original_1478/vault/stock-photo-220294099.jpg,dome(outer),0.4703059792518616
data/part1/dataset_hist_structures/Dataset_test/Dataset_test_original_1478/vault/stock-photo-136882555.jpg,dome(outer),0.2145669013261795
data/part1/dataset_hist_structures/Dataset_test/Dataset_test_original_1478/vault/stock-photo-217892053.jpg,dome(outer),0.2657148241996765
data/part1/dataset_hist_structures/Dataset_test/Dataset_test_original_1478/vault/stock-photo-80078725.jpg,dome(outer),0.40374693274497986
data/part1/dataset_hist_structures/Dataset_test/Dataset_test_original_1478/vault/3c2ae6ca-4f62-498a-ab3e-9a1e72faa168.jpg,stained_glass,0.2687258720397949
data/part1/dataset_hist_structures/Dataset_test/Dataset_test_original_1478/vault/stock-photo-117444825.jpg,dome(outer),0.30069270730018616
data/part1/dataset_hist_structures/Dataset_test/Dataset_test_original_1478/vault/7e315ce2-69b1-434f-9ba3-e6c3a71b4746.jpg,stained_glass,0.25558996200561523
data/part1/dataset_hist_structures/Dataset_test/Dataset_test_original_1478/vault/8f79990f-1187-4465-a447-449c76dcb5b0.jpg,stained_glass,0.40770450234413147
data/part1/dataset_hist_structures/Dataset_test/Dataset_test_original_1478/vault/35991701960_8ccd3c2766_m.jpg,portal,0.211831733584404
data/part1/dataset_hist_structures/Dataset_test/Dataset_test_original_1478/vault/stock-photo-177569821.jpg,dome(outer),0.29464197158813477
data/part1/dataset_hist_structures/Dataset_test/Dataset_test_original_1478/vault/stock-photo-189394747.jpg,dome(outer),0.4163830876350403
data/part1/dataset_hist_structures/Dataset_test/Dataset_test_original_1478/vault/stock-photo-201826789.jpg,dome(outer),0.29752615094184875
data/part1/dataset_hist_structures/Dataset_test/Dataset_test_original_1478/vault/stock-photo-221038963.jpg,dome(inner),0.2076733559370041
data/part1/dataset_hist_structures/Dataset_test/Dataset_test_original_1478/vault/3e4f1cdd-89a4-4058-b16f-ef66358a2a76.jpg,vault,0.36748236417770386
data/part1/dataset_hist_structures/Dataset_test/Dataset_test_original_1478/vault/4630f28e-534e-4645-ad0e-2b95c3ee13e4.jpg,stained_glass,0.36288589239120483
data/part1/dataset_hist_structures/Dataset_test/Dataset_test_original_1478/vault/stock-photo-115043975.jpg,stained_glass,0.20877525210380554
data/part1/dataset_hist_structures/Dataset_test/Dataset_test_original_1478/vault/36442426052_c6391b8cb7_m.jpg,stained_glass,0.2654511332511902
data/part1/dataset_hist_structures/Dataset_test/Dataset_test_original_1478/vault/stock-photo-100995657.jpg,vault,0.3084356486797333
data/part1/dataset_hist_structures/Dataset_test/Dataset_test_original_1478/vault/stock-photo-116558577.jpg,vault,0.26634499430656433
data/part1/dataset_hist_structures/Dataset_test/Dataset_test_original_1478/vault/c10fdd3d-0ac7-4125-b184-56e669e2d4f8.jpg,stained_glass,0.19738465547561646
data/part1/dataset_hist_structures/Dataset_test/Dataset_test_original_1478/vault/9661b08e-d60d-4da5-a1b6-2e5c5b68eb37.jpg,stained_glass,0.30196934938430786
data/part1/dataset_hist_structures/Dataset_test/Dataset_test_original_1478/vault/7a05e863-bbef-44fd-b505-f76226fa282c.jpg,stained_glass,0.36103758215904236
data/part1/dataset_hist_structures/Dataset_test/Dataset_test_original_1478/vault/6eb45e40-528b-40f1-9daa-4a231926e627.jpg,stained_glass,0.22513341903686523
data/part1/dataset_hist_structures/Dataset_test/Dataset_test_original_1478/vault/cd27eb3b-10d5-4c9c-bf19-c17756f7ab93.jpg,dome(outer),0.5573397278785706
data/part1/dataset_hist_structures/Dataset_test/Dataset_test_original_1478/vault/stock-photo-129534185.jpg,dome(outer),0.3568613529205322
data/part1/dataset_hist_structures/Dataset_test/Dataset_test_original_1478/vault/bf094630-22a5-4c62-90b0-038b29cffcae.jpg,stained_glass,0.5124826431274414
data/part1/dataset_hist_structures/Dataset_test/Dataset_test_original_1478/vault/stock-photo-224467181.jpg,stained_glass,0.21761004626750946
data/part1/dataset_hist_structures/Dataset_test/Dataset_test_original_1478/vault/stock-photo-220340245.jpg,dome(outer),0.32263532280921936
data/part1/dataset_hist_structures/Dataset_test/Dataset_test_original_1478/vault/stock-photo-175455457.jpg,dome(outer),0.599930465221405
data/part1/dataset_hist_structures/Dataset_test/Dataset_test_original_1478/vault/36628398312_a19cebc0b9_m.jpg,dome(outer),0.33707982301712036
data/part1/dataset_hist_structures/Dataset_test/Dataset_test_original_1478/vault/3357a08a-d36d-43d5-a583-368fff7de6ab.jpg,stained_glass,0.4098025858402252
data/part1/dataset_hist_structures/Dataset_test/Dataset_test_original_1478/vault/35075466025_bbd69148b3_m.jpg,dome(inner),0.33770015835762024
data/part1/dataset_hist_structures/Dataset_test/Dataset_test_original_1478/vault/stock-photo-223045207.jpg,dome(outer),0.2696883976459503
data/part1/dataset_hist_structures/Dataset_test/Dataset_test_original_1478/vault/stock-photo-201049839.jpg,dome(outer),0.3313466012477875
data/part1/dataset_hist_structures/Dataset_test/Dataset_test_original_1478/vault/35922457564_f8cc42f994_n.jpg,dome(outer),0.6588183045387268
data/part1/dataset_hist_structures/Dataset_test/Dataset_test_original_1478/vault/32023410-bca8-40cf-be29-3c6965fb04ad.jpg,dome(outer),0.2240961194038391
data/part1/dataset_hist_structures/Dataset_test/Dataset_test_original_1478/vault/stock-photo-109337505.jpg,dome(outer),0.5445883274078369
data/part1/dataset_hist_structures/Dataset_test/Dataset_test_original_1478/vault/589a19f2-928e-4390-96ce-ce3029e6bf16.jpg,dome(inner),0.20223060250282288
data/part1/dataset_hist_structures/Dataset_test/Dataset_test_original_1478/vault/34285638354_c13229b80a_m.jpg,dome(outer),0.267144113779068
data/part1/dataset_hist_structures/Dataset_test/Dataset_test_original_1478/vault/0b36caf3-685e-4b4d-849f-d4e27e1fbc4a.jpg,dome(inner),0.2214682549238205
data/part1/dataset_hist_structures/Dataset_test/Dataset_test_original_1478/vault/53fec961-dedd-40e5-9b86-78860c458db6.jpg,vault,0.2710193395614624
data/part1/dataset_hist_structures/Dataset_test/Dataset_test_original_1478/vault/stock-photo-118324601.jpg,dome(outer),0.4622545838356018
data/part1/dataset_hist_structures/Dataset_test/Dataset_test_original_1478/vault/f2c8d56f-2401-46e5-bd84-c7a67e79c624.jpg,stained_glass,0.4677110016345978
data/part1/dataset_hist_structures/Dataset_test/Dataset_test_original_1478/vault/stock-photo-209817075.jpg,vault,0.31229034066200256
data/part1/dataset_hist_structures/Dataset_test/Dataset_test_original_1478/vault/f64ecedc-0541-47b0-8541-ce99cb999637.jpg,vault,0.19308845698833466
data/part1/dataset_hist_structures/Dataset_test/Dataset_test_original_1478/vault/stock-photo-221013005.jpg,dome(outer),0.3488697409629822
data/part1/dataset_hist_structures/Dataset_test/Dataset_test_original_1478/vault/stock-photo-213241629.jpg,vault,0.3291955292224884
data/part1/dataset_hist_structures/Dataset_test/Dataset_test_original_1478/vault/b59a1ccd-71e0-4eb7-87c5-5ed96c868d86.jpg,stained_glass,0.5434519052505493
data/part1/dataset_hist_structures/Dataset_test/Dataset_test_original_1478/vault/stock-photo-217892219.jpg,dome(outer),0.26345494389533997
data/part1/dataset_hist_structures/Dataset_test/Dataset_test_original_1478/vault/f9d9fd84-49c8-4cca-8fc8-f495d0b8bdce.jpg,portal,0.2508835792541504
data/part1/dataset_hist_structures/Dataset_test/Dataset_test_original_1478/altar/ae5980fc-e28c-4006-b9cc-131e6e2c88a4.jpg,stained_glass,0.38438189029693604
data/part1/dataset_hist_structures/Dataset_test/Dataset_test_original_1478/altar/36828643235_48b9333750_m.jpg,dome(inner),0.26624932885169983
data/part1/dataset_hist_structures/Dataset_test/Dataset_test_original_1478/altar/f35bb130-4d67-4565-9bbd-6af6439c0037.jpg,stained_glass,0.2884349822998047
data/part1/dataset_hist_structures/Dataset_test/Dataset_test_original_1478/altar/9e64b562-33c9-4b03-aebf-6e7fe1a81206.jpg,vault,0.34734785556793213
data/part1/dataset_hist_structures/Dataset_test/Dataset_test_original_1478/altar/8de751ee-aae7-469b-aa83-7ad4967813ae.jpg,stained_glass,0.3962756097316742
data/part1/dataset_hist_structures/Dataset_test/Dataset_test_original_1478/altar/a8982ae3-8511-42b8-bd47-86bac6e5ae07.jpg,stained_glass,0.3512231409549713
data/part1/dataset_hist_structures/Dataset_test/Dataset_test_original_1478/altar/36249933501_f92d753c41_m.jpg,dome(outer),0.24259456992149353
data/part1/dataset_hist_structures/Dataset_test/Dataset_test_original_1478/altar/10a36db2-eacd-41c2-98e1-8ce33a361f0e.jpg,stained_glass,0.42891886830329895
data/part1/dataset_hist_structures/Dataset_test/Dataset_test_original_1478/altar/4dfd51af-c2b5-4cc9-aba5-ed7d90f89a83.jpg,dome(outer),0.5047911405563354
data/part1/dataset_hist_structures/Dataset_test/Dataset_test_original_1478/altar/c2dd6d54-ffbe-440b-8dbb-390dee5331c7.jpg,dome(outer),0.3555798828601837
data/part1/dataset_hist_structures/Dataset_test/Dataset_test_original_1478/altar/0624cbfa-c730-4876-9958-87bbdb4290fa.jpg,stained_glass,0.2790897786617279
data/part1/dataset_hist_structures/Dataset_test/Dataset_test_original_1478/altar/b67d41d6-e39a-4de5-bbf2-5bd76e7c9cc3.jpg,dome(outer),0.22840572893619537
data/part1/dataset_hist_structures/Dataset_test/Dataset_test_original_1478/altar/3c268a5f-68c0-483b-ba64-7938bf866f10.jpg,dome(outer),0.2059132158756256
data/part1/dataset_hist_structures/Dataset_test/Dataset_test_original_1478/altar/6e8063f0-ef08-4adc-ba5a-7dfeec6aa54a.jpg,dome(outer),0.26505598425865173
data/part1/dataset_hist_structures/Dataset_test/Dataset_test_original_1478/altar/1d9d21ed-65e2-44f0-936b-7283a88e21ab.jpg,vault,0.26282721757888794
data/part1/dataset_hist_structures/Dataset_test/Dataset_test_original_1478/altar/21807eeb-f45b-45e2-bd82-1d0abc21d676.jpg,stained_glass,0.2923004925251007
data/part1/dataset_hist_structures/Dataset_test/Dataset_test_original_1478/altar/334763b7-c848-4c9e-a9cd-5b8da58539c2.jpg,stained_glass,0.23933511972427368
data/part1/dataset_hist_structures/Dataset_test/Dataset_test_original_1478/altar/35848005820_fcae5e9f1a_n.jpg,dome(inner),0.22272297739982605
data/part1/dataset_hist_structures/Dataset_test/Dataset_test_original_1478/altar/018420ac-b243-4d97-977b-f10d32121288.jpg,stained_glass,0.24212417006492615
data/part1/dataset_hist_structures/Dataset_test/Dataset_test_original_1478/altar/36599068676_efb93a5dfa_m.jpg,dome(outer),0.42930132150650024
data/part1/dataset_hist_structures/Dataset_test/Dataset_test_original_1478/altar/stock-photo-100941409.jpg,dome(outer),0.27441322803497314
data/part1/dataset_hist_structures/Dataset_test/Dataset_test_original_1478/altar/4d169a93-414a-419b-9112-66d996109eee.jpg,stained_glass,0.41575708985328674
data/part1/dataset_hist_structures/Dataset_test/Dataset_test_original_1478/altar/35811113224_cd382c63b2_m.jpg,dome(outer),0.3484621047973633
data/part1/dataset_hist_structures/Dataset_test/Dataset_test_original_1478/altar/84e0fd1f-42ff-4107-ad54-979476f0c976.jpg,stained_glass,0.22351355850696564
data/part1/dataset_hist_structures/Dataset_test/Dataset_test_original_1478/altar/stock-photo-81938833.jpg,vault,0.226302370429039
data/part1/dataset_hist_structures/Dataset_test/Dataset_test_original_1478/altar/6d14a19c-badb-4c1d-98de-73bb2129aa42.jpg,dome(outer),0.2593216001987457
data/part1/dataset_hist_structures/Dataset_test/Dataset_test_original_1478/altar/e0825373-f0ee-47c1-95b7-9a6b1ac78d3a.jpg,vault,0.2522181272506714
data/part1/dataset_hist_structures/Dataset_test/Dataset_test_original_1478/altar/d6da9021-2a53-4b1f-87f3-8fdb7e0a10bf.jpg,stained_glass,0.2762213945388794
data/part1/dataset_hist_structures/Dataset_test/Dataset_test_original_1478/altar/36729880006_aa579d17c6_m.jpg,dome(outer),0.41926541924476624
data/part1/dataset_hist_structures/Dataset_test/Dataset_test_original_1478/altar/57c904e8-b60d-45b4-b243-837e339b4490.jpg,stained_glass,0.35216498374938965
data/part1/dataset_hist_structures/Dataset_test/Dataset_test_original_1478/altar/e78d8d2f-8d77-48ad-88f8-8b475c0b9c1c.jpg,vault,0.4281574785709381
data/part1/dataset_hist_structures/Dataset_test/Dataset_test_original_1478/altar/30d5445a-1c30-4f19-817b-396788b94a3c.jpg,dome(outer),0.40960589051246643
data/part1/dataset_hist_structures/Dataset_test/Dataset_test_original_1478/altar/6bc3aeb9-85b9-4cc5-bfb4-013a95719c61.jpg,dome(outer),0.1878672093153
data/part1/dataset_hist_structures/Dataset_test/Dataset_test_original_1478/altar/48d5e814-7e56-43ed-9b01-29f2a70ed7ad.jpg,stained_glass,0.6040342450141907
data/part1/dataset_hist_structures/Dataset_test/Dataset_test_original_1478/altar/36240292170_1785911c19_m.jpg,dome(inner),0.4270534813404083
data/part1/dataset_hist_structures/Dataset_test/Dataset_test_original_1478/altar/stock-photo-177575155.jpg,dome(outer),0.2794758975505829
data/part1/dataset_hist_structures/Dataset_test/Dataset_test_original_1478/altar/f2b356c2-b438-4509-b485-3b9eba9fbcb1.jpg,stained_glass,0.3115142285823822
data/part1/dataset_hist_structures/Dataset_test/Dataset_test_original_1478/altar/35841975423_56ed664298_n.jpg,dome(outer),0.2438196986913681
data/part1/dataset_hist_structures/Dataset_test/Dataset_test_original_1478/altar/a89b747a-1492-46d3-aad1-b9bb8e30c1bd.jpg,dome(outer),0.2613263726234436
data/part1/dataset_hist_structures/Dataset_test/Dataset_test_original_1478/altar/35217151754_abf8f0aabd_n.jpg,dome(outer),0.24565812945365906
data/part1/dataset_hist_structures/Dataset_test/Dataset_test_original_1478/altar/171a8ee2-ffba-4a5d-89ce-080fa8f272b5.jpg,stained_glass,0.17964518070220947
data/part1/dataset_hist_structures/Dataset_test/Dataset_test_original_1478/altar/35217155974_650c1e802d_m.jpg,dome(outer),0.29719045758247375
data/part1/dataset_hist_structures/Dataset_test/Dataset_test_original_1478/altar/stock-photo-141474525.jpg,dome(outer),0.28269681334495544
data/part1/dataset_hist_structures/Dataset_test/Dataset_test_original_1478/altar/00947185-77b4-4ecf-85ed-bf139c7d5a1d.jpg,dome(inner),0.21614980697631836
data/part1/dataset_hist_structures/Dataset_test/Dataset_test_original_1478/altar/7e0a8a51-6920-46af-b586-d50d858c262f.jpg,stained_glass,0.2593017518520355
data/part1/dataset_hist_structures/Dataset_test/Dataset_test_original_1478/altar/6e4e6e8a-0f96-45ef-9e0b-40d34ca71c17.jpg,stained_glass,0.3066835105419159
data/part1/dataset_hist_structures/Dataset_test/Dataset_test_original_1478/altar/6043eb4c-1d41-434e-acf0-66a68129cf5f.jpg,stained_glass,0.23500984907150269
data/part1/dataset_hist_structures/Dataset_test/Dataset_test_original_1478/altar/a6c3a7f3-194c-4195-8aa7-27814e35c9b2.jpg,stained_glass,0.24543555080890656
data/part1/dataset_hist_structures/Dataset_test/Dataset_test_original_1478/altar/ba3e7287-5c76-4377-8c60-486f67c8a3c5.jpg,stained_glass,0.33388906717300415
data/part1/dataset_hist_structures/Dataset_test/Dataset_test_original_1478/altar/36890940275_3ebee0f6c4_n.jpg,dome(outer),0.41819363832473755
data/part1/dataset_hist_structures/Dataset_test/Dataset_test_original_1478/altar/88fb7a9d-61d9-4c13-a265-501623677ba9.jpg,stained_glass,0.27226075530052185
data/part1/dataset_hist_structures/Dataset_test/Dataset_test_original_1478/altar/637d2bd7-ee8e-4b4b-bfef-5c13558c2626.jpg,dome(outer),0.23666849732398987
data/part1/dataset_hist_structures/Dataset_test/Dataset_test_original_1478/altar/4f04514c-6e02-4da8-87f1-80e6f061e64d.jpg,dome(outer),0.24305033683776855
data/part1/dataset_hist_structures/Dataset_test/Dataset_test_original_1478/altar/f66ddc78-d523-4104-b960-9db445d33bb3.jpg,stained_glass,0.47848770022392273
data/part1/dataset_hist_structures/Dataset_test/Dataset_test_original_1478/altar/5565634d-5d5f-4337-90e5-0547e43fed02.jpg,stained_glass,0.3179483115673065
data/part1/dataset_hist_structures/Dataset_test/Dataset_test_original_1478/altar/35247855443_ddb9139681_m.jpg,dome(outer),0.5150186419487
data/part1/dataset_hist_structures/Dataset_test/Dataset_test_original_1478/altar/7ec929e2-6d21-4b60-a0c1-ede6c375b7e6.jpg,vault,0.20922842621803284
data/part1/dataset_hist_structures/Dataset_test/Dataset_test_original_1478/altar/f50175a5-ee9d-44f2-9f7f-36ce983e74fc.jpg,dome(outer),0.5381141901016235
data/part1/dataset_hist_structures/Dataset_test/Dataset_test_original_1478/altar/35667105740_e8b8e011fe_m.jpg,dome(outer),0.4557740092277527
data/part1/dataset_hist_structures/Dataset_test/Dataset_test_original_1478/altar/6b4251b1-5817-42b1-b567-48c3d293af3e.jpg,dome(outer),0.3137171268463135
data/part1/dataset_hist_structures/Dataset_test/Dataset_test_original_1478/altar/32fccc85-aae4-488a-bee8-79699731d912.jpg,stained_glass,0.3223162591457367
data/part1/dataset_hist_structures/Dataset_test/Dataset_test_original_1478/altar/9f4332c5-0fe7-45e2-a8f5-e0a8377ae64f.jpg,stained_glass,0.2766512334346771
data/part1/dataset_hist_structures/Dataset_test/Dataset_test_original_1478/altar/725651d3-c313-4ab3-8535-79e62594e15f.jpg,dome(outer),0.253338098526001
data/part1/dataset_hist_structures/Dataset_test/Dataset_test_original_1478/altar/acd22ffc-2a3c-497d-83e2-98155d318a74.jpg,dome(outer),0.25451645255088806
data/part1/dataset_hist_structures/Dataset_test/Dataset_test_original_1478/altar/3f25605c-4dab-45a6-b0cb-c5049b7b7efc.jpg,stained_glass,0.39885377883911133
data/part1/dataset_hist_structures/Dataset_test/Dataset_test_original_1478/altar/9fb4459d-1958-4b98-88f5-b61599060a44.jpg,stained_glass,0.2613368332386017
data/part1/dataset_hist_structures/Dataset_test/Dataset_test_original_1478/altar/35718854063_13dae44a6f_m.jpg,vault,0.27300986647605896
data/part1/dataset_hist_structures/Dataset_test/Dataset_test_original_1478/altar/86b81ffc-e244-4d66-9cba-7d66e0b078b7.jpg,vault,0.32599887251853943
data/part1/dataset_hist_structures/Dataset_test/Dataset_test_original_1478/altar/f4c8bf78-3e80-4195-9afb-ae1e9423daac.jpg,dome(outer),0.20553329586982727
data/part1/dataset_hist_structures/Dataset_test/Dataset_test_original_1478/altar/1d12738c-3e59-4190-9bd6-9f0095a9b178.jpg,dome(outer),0.29008495807647705
data/part1/dataset_hist_structures/Dataset_test/Dataset_test_original_1478/altar/381fe0d6-de6e-4306-a3e5-ceacebef3c82.jpg,dome(outer),0.16410890221595764
data/part1/dataset_hist_structures/Dataset_test/Dataset_test_original_1478/altar/7bbef535-adc5-4d34-9681-e51f10ccfef3.jpg,dome(outer),0.5358595252037048
data/part1/dataset_hist_structures/Dataset_test/Dataset_test_original_1478/altar/343e52bd-5fe3-482e-9b37-868eeb85f394.jpg,dome(outer),0.2936459183692932
data/part1/dataset_hist_structures/Dataset_test/Dataset_test_original_1478/altar/fa73b89c-09d1-4353-a520-a37e443fde3b.jpg,dome(outer),0.2702637016773224
data/part1/dataset_hist_structures/Dataset_test/Dataset_test_original_1478/altar/717d6d2f-ff92-4fdf-9f34-3f97946d4ad8.jpg,dome(outer),0.21182647347450256
data/part1/dataset_hist_structures/Dataset_test/Dataset_test_original_1478/altar/08da5999-824e-4786-b9ac-8eadc8e3e5df.jpg,stained_glass,0.4173237383365631
data/part1/dataset_hist_structures/Dataset_test/Dataset_test_original_1478/altar/f21ce6eb-7083-4ed7-a94e-a0b040858020.jpg,stained_glass,0.28554829955101013
data/part1/dataset_hist_structures/Dataset_test/Dataset_test_original_1478/altar/35599340844_31fe2c1509_m.jpg,dome(outer),0.25642335414886475
data/part1/dataset_hist_structures/Dataset_test/Dataset_test_original_1478/altar/08547ad1-0012-4dc6-8317-31510e1495f4.jpg,stained_glass,0.2582690417766571
data/part1/dataset_hist_structures/Dataset_test/Dataset_test_original_1478/altar/4570d412-4287-42f4-a635-f44c0e4c3dfd.jpg,stained_glass,0.2894366979598999
data/part1/dataset_hist_structures/Dataset_test/Dataset_test_original_1478/altar/d8dad052-44bd-44fa-a4a3-e45023f4452b.jpg,dome(outer),0.24476121366024017
data/part1/dataset_hist_structures/Dataset_test/Dataset_test_original_1478/altar/b7c1f68e-9bf7-469e-a476-849b905c1d19.jpg,stained_glass,0.28033342957496643
data/part1/dataset_hist_structures/Dataset_test/Dataset_test_original_1478/altar/7a1c7845-3a17-4ab8-ba30-b7b1b7359519.jpg,stained_glass,0.3938523232936859
data/part1/dataset_hist_structures/Dataset_test/Dataset_test_original_1478/altar/c75e2813-4663-4a51-b583-21e56ca72669.jpg,stained_glass,0.4272643029689789
data/part1/dataset_hist_structures/Dataset_test/Dataset_test_original_1478/altar/36835590905_a64b343897_m.jpg,dome(outer),0.4034327566623688
data/part1/dataset_hist_structures/Dataset_test/Dataset_test_original_1478/altar/a05f06b5-9b7c-48ad-9c81-9523e500add4.jpg,dome(outer),0.2610851526260376
data/part1/dataset_hist_structures/Dataset_test/Dataset_test_original_1478/altar/68fbeb14-f7d9-4822-bcae-e26efc05e36a.jpg,dome(outer),0.33634090423583984
data/part1/dataset_hist_structures/Dataset_test/Dataset_test_original_1478/altar/7a49c539-9447-42d5-bf05-f90f6740baa4.jpg,vault,0.2461220920085907
data/part1/dataset_hist_structures/Dataset_test/Dataset_test_original_1478/altar/35091282-cc4b-440f-8721-a9b698496ac3.jpg,stained_glass,0.4323635995388031
data/part1/dataset_hist_structures/Dataset_test/Dataset_test_original_1478/altar/35217159924_43e35869f8_n.jpg,dome(outer),0.35810786485671997
data/part1/dataset_hist_structures/Dataset_test/Dataset_test_original_1478/altar/010c7d48-02ad-4663-ba27-9670d8ccff60.jpg,dome(outer),0.21784065663814545
data/part1/dataset_hist_structures/Dataset_test/Dataset_test_original_1478/altar/851b6e95-8cdb-44d7-898e-903038d8943c.jpg,dome(outer),0.23825998604297638
data/part1/dataset_hist_structures/Dataset_test/Dataset_test_original_1478/altar/157eb411-7954-4029-83e1-bc857f97c5dd.jpg,stained_glass,0.3943594694137573
data/part1/dataset_hist_structures/Dataset_test/Dataset_test_original_1478/altar/2df191cf-7f0e-4e32-a44b-16ad27ecdf21.jpg,stained_glass,0.21572330594062805
data/part1/dataset_hist_structures/Dataset_test/Dataset_test_original_1478/altar/f26925cf-fad8-4ab9-ba0b-ad598f3287fd.jpg,stained_glass,0.544989824295044
data/part1/dataset_hist_structures/Dataset_test/Dataset_test_original_1478/altar/8955b411-0aba-4d4b-a437-ae0090c22b5d.jpg,dome(outer),0.32509148120880127
data/part1/dataset_hist_structures/Dataset_test/Dataset_test_original_1478/altar/35667108110_b2ba6d12cf_n.jpg,dome(outer),0.33350980281829834
data/part1/dataset_hist_structures/Dataset_test/Dataset_test_original_1478/altar/2d7b3f58-b999-4576-b7db-f0755d5e03ed.jpg,stained_glass,0.33588558435440063
data/part1/dataset_hist_structures/Dataset_test/Dataset_test_original_1478/altar/bae2bbd4-3372-4402-ac94-445c46f2318e.jpg,dome(outer),0.20790995657444
data/part1/dataset_hist_structures/Dataset_test/Dataset_test_original_1478/altar/35247853993_ccdfa5cd6a_n.jpg,dome(outer),0.6575819253921509
data/part1/dataset_hist_structures/Dataset_test/Dataset_test_original_1478/altar/78392647-a148-4207-b2b1-62584bc9663e.jpg,stained_glass,0.33305397629737854
data/part1/dataset_hist_structures/Dataset_test/Dataset_test_original_1478/altar/e3577606-886d-4347-86a3-0346e658fae1.jpg,dome(outer),0.3427485525608063
data/part1/dataset_hist_structures/Dataset_test/Dataset_test_original_1478/altar/0a020a2f-e72a-4663-ae34-4d236e7c5ea2.jpg,dome(outer),0.18101337552070618
data/part1/dataset_hist_structures/Dataset_test/Dataset_test_original_1478/altar/7e90d3af-a77e-4c30-b018-c1ea3cad7630.jpg,stained_glass,0.20676787197589874
data/part1/dataset_hist_structures/Dataset_test/Dataset_test_original_1478/altar/0d83ac75-019c-4c5a-a335-8a0746a789f6.jpg,stained_glass,0.19903826713562012
data/part1/dataset_hist_structures/Dataset_test/Dataset_test_original_1478/altar/4f649a50-9a2f-416b-aa9f-9cf1c405d738.jpg,dome(outer),0.2603147625923157
data/part1/dataset_hist_structures/Dataset_test/Dataset_test_original_1478/altar/a1835814-3a76-4d30-b55c-a2469ebdfece.jpg,dome(outer),0.31565168499946594
data/part1/dataset_hist_structures/Dataset_test/Dataset_test_original_1478/altar/40c4dfc0-a2c9-44f8-8890-d7b41cc57af1.jpg,dome(outer),0.5242506265640259
data/part1/dataset_hist_structures/Dataset_test/Dataset_test_original_1478/altar/35811113924_837d92c19c_m.jpg,dome(outer),0.42559367418289185
data/part1/dataset_hist_structures/Dataset_test/Dataset_test_original_1478/altar/791224e2-0980-4429-911b-8028531cd462.jpg,stained_glass,0.31001269817352295
data/part1/dataset_hist_structures/Dataset_test/Dataset_test_original_1478/altar/stock-photo-65738115.jpg,dome(outer),0.3135409653186798
data/part1/dataset_hist_structures/Dataset_test/Dataset_test_original_1478/altar/55ef5d23-62d3-4a96-89c1-a459859a5f72.jpg,dome(outer),0.36672231554985046
data/part1/dataset_hist_structures/Dataset_test/Dataset_test_original_1478/altar/064ffa6f-8be6-404c-a661-8a3b1322c2ba.jpg,stained_glass,0.30619144439697266
data/part1/dataset_hist_structures/Dataset_test/Dataset_test_original_1478/altar/c9923d85-ed06-4ebe-a2af-34809354601a.jpg,dome(outer),0.4408470690250397
data/part1/dataset_hist_structures/Dataset_test/Dataset_test_original_1478/altar/stock-photo-177572055.jpg,column,0.18242304027080536
data/part1/dataset_hist_structures/Dataset_test/Dataset_test_original_1478/altar/36604824106_0b1de2c9b3_n.jpg,dome(outer),0.342966228723526
data/part1/dataset_hist_structures/Dataset_test/Dataset_test_original_1478/altar/35800045463_5f8ffc0bac_m.jpg,dome(outer),0.35242024064064026
data/part1/dataset_hist_structures/Dataset_test/Dataset_test_original_1478/altar/766381cd-39f7-414f-875a-aae3051ec4b5.jpg,stained_glass,0.34247201681137085
data/part1/dataset_hist_structures/Dataset_test/Dataset_test_original_1478/altar/c077a7c3-a142-4f46-a2f2-c19f6db3e132.jpg,dome(outer),0.4017980098724365
data/part1/dataset_hist_structures/Dataset_test/Dataset_test_original_1478/altar/stock-photo-122113109.jpg,stained_glass,0.25407564640045166
data/part1/dataset_hist_structures/Dataset_test/Dataset_test_original_1478/altar/ad444862-67f6-49c2-b865-b200ce80e4da.jpg,dome(outer),0.4999637007713318
data/part1/dataset_hist_structures/Dataset_test/Dataset_test_original_1478/altar/7f021710-2c03-4b12-80a3-3661645c3979.jpg,stained_glass,0.5314339399337769
data/part1/dataset_hist_structures/Dataset_test/Dataset_test_original_1478/altar/c8823539-419d-4f67-991e-f268831066cf.jpg,stained_glass,0.21096542477607727
data/part1/dataset_hist_structures/Dataset_test/Dataset_test_original_1478/altar/a768ef5e-3490-4d10-8727-e4e992dfaea1.jpg,stained_glass,0.43560755252838135
data/part1/dataset_hist_structures/Dataset_test/Dataset_test_original_1478/altar/dcee35cf-b4da-4cbc-907d-c547eca5d9bc.jpg,stained_glass,0.28947168588638306
data/part1/dataset_hist_structures/Dataset_test/Dataset_test_original_1478/altar/cf374926-fe68-4ccf-8ed7-1bf01de6e8d8.jpg,dome(outer),0.2936325669288635
data/part1/dataset_hist_structures/Dataset_test/Dataset_test_original_1478/altar/6e71e404-9e6e-4724-a714-740498a9dc27.jpg,stained_glass,0.2371223419904709
data/part1/dataset_hist_structures/Dataset_test/Dataset_test_original_1478/altar/4cb804c6-445e-41d0-9ce4-8365d6eb5f90.jpg,stained_glass,0.2347330003976822
data/part1/dataset_hist_structures/Dataset_test/Dataset_test_original_1478/altar/cff39bd1-e808-4c14-99ca-2a48e2afe75f.jpg,stained_glass,0.338329941034317
data/part1/dataset_hist_structures/Dataset_test/Dataset_test_original_1478/altar/5a77d695-de53-4d58-887b-9390b2697696.jpg,vault,0.3043948709964752
data/part1/dataset_hist_structures/Dataset_test/Dataset_test_original_1478/altar/stock-photo-177560331.jpg,dome(outer),0.3909049332141876
data/part1/dataset_hist_structures/Dataset_test/Dataset_test_original_1478/altar/5318557f-f9bb-4e38-a946-e6a3f531e78c.jpg,stained_glass,0.5059590339660645
data/part1/dataset_hist_structures/Dataset_test/Dataset_test_original_1478/altar/stock-photo-205889549.jpg,stained_glass,0.2699567377567291
data/part1/dataset_hist_structures/Dataset_test/Dataset_test_original_1478/altar/3ac78759-4978-47e3-9837-e2e48d396a60.jpg,dome(inner),0.2515583634376526
data/part1/dataset_hist_structures/Dataset_test/Dataset_test_original_1478/altar/d60fd5df-48f4-4ca3-99a8-5bd50b6488a4.jpg,dome(inner),0.32176274061203003
data/part1/dataset_hist_structures/Dataset_test/Dataset_test_original_1478/altar/c30d1fbb-fd60-4521-9270-1f571f8ae7d6.jpg,dome(outer),0.2497154176235199
data/part1/dataset_hist_structures/Dataset_test/Dataset_test_original_1478/altar/94e86434-3067-4edd-ab07-e3a26d8da57d.jpg,stained_glass,0.2869730591773987
data/part1/dataset_hist_structures/Dataset_test/Dataset_test_original_1478/altar/4ef739f4-1061-4915-8455-2b7189f260de.jpg,stained_glass,0.382171630859375
data/part1/dataset_hist_structures/Dataset_test/Dataset_test_original_1478/altar/6266d880-dd33-4e76-b67c-1b4100c4790a.jpg,stained_glass,0.48275089263916016
data/part1/dataset_hist_structures/Dataset_test/Dataset_test_original_1478/altar/36212911220_1727219581_m.jpg,dome(outer),0.2663361430168152
